size,voltage,n,A,omega,log_tlorentz,r2_score
600,1.0,1.509991139890147,0.0640879541448107,4.734879951213749e-05,-5.112579033695659,0.20847890477457398
600,1.25,1.4942711834285844,0.0592442450857632,0.7429470147327433,-22.63125943406084,0.0
600,1.5,1.5099851412995806,0.0505468411598797,0.6664311930491155,-5.356866987359126,0.14337181553213252
600,1.75,1.5099999999997304,0.7461440827057242,0.2727967015638288,-4.385223977809928,0.8984213255408839
600,2.0,1.509999995167276,0.99135846412061,0.7920574885250024,-4.361399419023509,0.8718747532988523
600,2.25,1.5099999999999996,0.5271710303871077,0.6758239051534213,-6.562898351406281,0.9780924167731859
600,2.5,1.490000000000002,0.4482792624235493,0.3101518356728177,-7.414554504061359,0.9623738110787843
600,2.75,1.4900000000002291,0.4852441308453257,0.3778577440691212,-8.024464540160055,0.9560040042025489
600,3.0,1.5099999999982603,0.4493304755535214,0.1855070664052286,-8.624818617237473,0.8505328878031173
600,3.25,1.509999998706949,0.4089499705347946,0.2357164327602885,-9.04373314822918,0.07203673918005982
600,3.75,1.5098155479048296,0.6172121688404841,7.653510758559618,-12.10458030293448,0.34144074939837243
600,4.25,1.4906011203835634,0.4937609825656277,3.094598691262197,-30.971341822289013,0.0016174560057493625
600,5.0,1.4900000018496375,0.4759037950634115,0.823345785347763,-11.165145795000132,0.12580915060069597
600,1.25,1.7455397014576934,0.0592442452153045,0.4520972126074279,-21.36056539689037,0.0
600,1.5,1.7599999961806057,0.050897426265651,0.6776100334121078,-5.36575841187773,0.14337181553213252
600,1.75,1.759999934733727,0.6293808149411517,0.2910262833090666,-4.509663923555587,0.8984213255408839
600,2.0,1.7599999999970732,0.9621559173783484,0.8045727162477471,-4.42318824333952,0.8718747532988523
600,2.25,1.7599999999934397,0.5294140038887155,0.698838302685324,-6.576070740240171,0.9780924167731859
600,2.5,1.7400000000000009,0.4513440276972386,0.3467633397875213,-7.427358739479562,0.9623738110787843
600,2.75,1.7400000000000002,0.4878045849396641,0.4088456195027498,-8.036622904014115,0.9560040042025489
600,3.0,1.7599999999999996,0.4501177443258425,0.2075854816368433,-8.638549071322982,0.8505328878031173
600,3.25,1.7563042075581148,0.4089943110509747,0.236942242429042,-9.038851480002062,0.07203673918005982
600,3.75,1.7596379954614247,0.6172136721830522,7.65457312929153,-12.126723556073827,0.34144074939837243
600,5.0,1.740000053216188,0.475970490890086,0.8247986099524414,-11.179593538840596,0.12580915060069597
600,1.25,1.9967142409295116,0.059244245093182,0.3172007660131282,-21.96125305643393,0.0
600,1.5,2.0099242874629786,0.0511431306450554,0.6840754948846449,-5.373488233987428,0.14337181553213252
600,1.75,2.009999999998964,0.5994375313007424,0.2995843960671824,-4.562089260794007,0.8984213255408839
600,2.0,2.009999999697424,0.9398350468226466,0.8137394908728663,-4.469809120640639,0.8718747532988523
600,2.25,2.0099999999695317,0.5308745956664946,0.7140292968274029,-6.587123183904869,0.9780924167731859
600,2.5,1.990000000000001,0.453443288684035,0.3714848917011025,-7.437931409400161,0.9623738110787843
600,2.75,1.990000000002706,0.4895952645111773,0.4302306848538558,-8.046712063560882,0.9560040042025489
600,3.0,2.01,0.450728620799737,0.2226842723497472,-8.649546700691644,0.8505328878031173
600,3.25,2.009377951353652,0.4090374428072876,0.2377564241322341,-9.036197832616274,0.07203673918005982
600,3.5,2.0044417623738338,0.4295024995157687,8.86832943571777e-05,-9.002509862521023,0.04327006399088629
600,3.75,2.00939765121789,0.6172148168057903,7.655284032172771,-12.1435054520873,0.34144074939837243
600,4.25,1.994276411345371,0.4933371618857003,2.9733936300425894,-30.536092768611937,0.0016174560057493625
600,5.0,1.9900001014978703,0.4760010732079978,0.8251370167508714,-11.190017932385397,0.12580915060069597
600,1.25,2.247576481841067,0.0592442450848876,0.3764061226156241,-20.622353576855907,0.0
600,1.5,2.2599999999478726,0.0513837958656605,0.6882854511773911,-5.378339386674097,0.14337181553213252
600,1.75,2.2599994159174868,0.5734260506803829,0.3061115909997002,-4.604680905145246,0.8984213255408839
600,2.0,2.259999999999386,0.9225732050380262,0.8206356271674519,-4.505917376492748,0.8718747532988523
600,2.25,2.2599999999999048,0.531875825693705,0.7245679194742327,-6.596414077320967,0.9780924167731859
600,2.5,2.2400000000000007,0.454959895600789,0.3891456742884654,-7.446676174303405,0.9623738110787843
600,2.75,2.240000000019896,0.4908911496907155,0.4456118276947099,-8.055184955475582,0.9560040042025489
600,3.0,2.26,0.451233253195752,0.2340130490380862,-8.658616085581981,0.8505328878031173
600,3.25,2.249368316053047,0.41675975688878,0.4140481151907905,-9.162449846207458,0.07203673918005982
600,3.5,2.25102748093596,0.429498351612842,0.0001070140292717,-8.990323256539751,0.04327006399088629
600,3.75,2.2590427985240447,0.6172085871141962,7.655436326419635,-12.15669525109677,0.34144074939837243
600,4.25,2.2458149206553086,0.4936769456108037,3.0700250560301363,-30.927406195750308,0.0016174560057493625
600,5.0,2.240000064122392,0.4760136864397716,0.8249705778145725,-11.197916719521125,0.12580915060069597
600,1.25,2.4985908551832265,0.0592442450860533,0.8906775977708274,-19.345489121206143,0.0
600,1.5,2.509989599241415,0.0515387247771018,0.6905141433971588,-5.383543236002026,0.14337181553213252
600,1.75,2.509999999790037,0.5450156004606805,0.3121004040922717,-4.644820322455069,0.8984213255408839
600,2.0,2.5099999998909035,0.9089325619203674,0.825965430313111,-4.534608453144092,0.8718747532988523
600,2.25,2.5099999999997884,0.5325875960981701,0.7321603167429709,-6.604295437468506,0.9780924167731859
600,2.5,2.490000000000005,0.4560948662095616,0.4022262023344279,-7.453984329038239,0.9623738110787843
600,2.75,2.490000000000617,0.4918558963126556,0.4570233541362772,-8.062380431997699,0.9560040042025489
600,3.0,2.51,0.4516959714238835,0.2434410786767699,-8.666278795323173,0.8505328878031173
600,3.25,2.5091080329995994,0.409090655865037,0.2381972051338658,-9.03403914939434,0.07203673918005982
600,3.75,2.5099169854526093,0.617247715595879,7.657669187769633,-12.167128213211818,0.34144074939837243
600,4.25,2.4974439294762485,0.4935939374033512,3.046590758706296,-30.848214636828448,0.0016174560057493625
600,5.0,2.490029477011007,0.4760361610584887,0.8254657496609922,-11.205987565637502,0.12580915060069597
30000,1.25,1.5099980589277175,0.0144863957587686,0.5072838089721423,-4.590182500030034,0.2084235793189415
30000,1.5,1.5099999999999998,1.708871040802172,-0.0003827455505375,-3.2872486054531507,0.8241269310233127
30000,1.75,1.5099999999999998,0.2164690262619036,0.1720599512742494,-4.994534486785312,0.9712001492683799
30000,2.0,1.5099999907151602,0.3437348964874069,0.0391766282623393,-5.490314681502345,0.9962253081342162
30000,2.25,1.5099999999999998,0.4515823097728415,0.0352556336096035,-5.799770488746153,0.9976562144572564
30000,2.5,1.5099999999999998,0.4990564805731426,-0.0628180240609541,-6.016699783661296,0.9978241511407033
30000,2.75,1.5099999280491818,0.5104060785972754,3.881873136560678e-06,-6.232490290808193,0.9992503615022823
30000,3.0,1.509999954527676,0.5191856764646515,-3.926205082737217e-06,-6.380578695384007,0.9996156156699422
30000,3.5,1.4900000000000002,0.5244326738089357,0.0599432469531687,-6.638819432562844,0.998500558839839
30000,3.75,1.4900000000000029,0.5270018653238874,0.1009972207682875,-6.736609504579986,0.9986385573603934
30000,4.0,1.4900000000000018,0.5305248091222128,0.1376398539307222,-6.837922349071181,0.9981317709516744
30000,4.25,1.4900000000000002,0.542870234360146,0.1842545595434419,-6.94682540653931,0.9957518559742968
30000,4.5,1.490000000000009,0.5520465540418601,0.2357444057268209,-7.0105562799008885,0.9949681024168097
30000,4.75,1.4900000000000002,0.5514498317162875,0.2452326630932184,-7.097322083896771,0.9952028119720571
30000,5.0,1.5099999999281333,0.6033229025378819,0.6539290158002412,-7.299553706858911,0.9877694824970246
30000,1.0,1.7597836339241106,0.0019693405538719,-1.5456056289880583e-05,-6.983848286595908,0.03983953872241486
30000,1.25,1.7599968282885858,0.0136044940005926,0.4877213609152264,-4.69487000867161,0.2084235793189415
30000,1.5,1.7599999999999998,1.548430180100948,-0.0004660329442349,-3.5664229375756205,0.8241269310233127
30000,1.75,1.7599999999999998,0.2135668034378041,0.2146868762297344,-5.014805984018916,0.9712001492683799
30000,2.0,1.7599999999999991,0.3431806438242259,-0.0703354812000467,-5.506306400011051,0.9962253081342162
30000,2.25,1.7599999999999998,0.4529209341056224,0.0727298348988401,-5.814427518020145,0.9976562144572564
30000,2.5,1.7472878772807072,0.5017724791560294,-0.1017462986720576,-6.025113021851898,0.9978241511407033
30000,2.75,1.7400000000000022,0.5101345698676474,0.0530563507142845,-6.239788668879492,0.9992503615022823
30000,3.0,1.7400000000011804,0.5203622151547966,0.0639934790359867,-6.390901915829,0.9996156156699422
30000,3.25,1.7400000000000004,0.5240453239101633,0.078396614626692,-6.518543474258752,0.9992755377261343
30000,3.5,1.740000000000003,0.5281008125359543,0.1115005214445198,-6.648742346457353,0.998500558839839
30000,3.75,1.7400000000000018,0.5307382845126757,0.1419100063423589,-6.747758087732194,0.9986385573603934
30000,4.0,1.7400000000002465,0.5340552269649563,0.1729726027088418,-6.8490432929228415,0.9981317709516744
30000,4.25,1.7400000000000002,0.549801922565168,0.2226221477888655,-6.952074238240346,0.9957518559742968
30000,4.5,1.7400000000000877,0.5581692589358842,0.2711387892288497,-7.01638656360531,0.9949681024168097
30000,4.75,1.74000000000001,0.55744176540602,0.2817860385659815,-7.103100239175861,0.9952028119720571
30000,5.0,1.759999999145647,0.6071014923939687,0.6829754254472464,-7.309793497411055,0.9877694824970246
30000,1.0,2.0097117245587275,0.0019853518229343,2.2871251719476845e-05,-6.958188294910743,0.03983953872241486
30000,1.25,2.0099912329182024,0.0128768005489681,0.4722395527194848,-4.774153433363827,0.2084235793189415
30000,1.5,2.01,1.3302255442969433,-0.0003414392338765,-3.785226866279767,0.8241269310233127
30000,1.75,2.01,0.2051649102026229,0.2339530310056793,-5.050022020474947,0.9712001492683799
30000,2.0,1.99,0.3446142616400385,-0.091612936031332,-5.51553770020705,0.9962253081342162
30000,2.25,2.0099999999999927,0.4555192418194215,-0.09781550878791,-5.824647255986497,0.9976562144572564
30000,2.5,1.9900000000000024,0.5054216959142019,-0.1299059362474776,-6.031180177244245,0.9978241511407033
30000,2.75,1.9900000001621845,0.5122897802250894,0.089390753716666,-6.2473452561434,0.9992503615022823
30000,3.0,1.99000000000149,0.5227098882913661,0.0959593727751207,-6.399200066341412,0.9996156156699422
30000,3.25,1.9900000000002656,0.5267590134582373,0.1087637819654545,-6.527242600608233,0.9992755377261343
30000,3.5,1.990000000000013,0.531113574559485,-0.142100005959838,-6.657040815715908,0.998500558839839
30000,3.75,1.990000000000017,0.5337924844018108,0.1686649090018073,-6.756819453514611,0.9986385573603934
30000,4.0,1.99,0.5370362165968238,0.1976307899277819,-6.857905481080221,0.9981317709516744
30000,4.25,1.990000000000002,0.554285142963086,0.2475233844278546,-6.958083560725464,0.9957518559742968
30000,4.5,1.9900000000001288,0.5622943013428753,0.2949197024770473,-7.0223826516991,0.9949681024168097
30000,4.75,1.99,0.5614810099205928,0.3063905387139896,-7.109013980420421,0.9952028119720571
30000,5.0,2.009999999158815,0.6095900821060872,0.7022784727721478,-7.318859802435811,0.9877694824970246
30000,1.25,2.259999513080802,0.0122633793961449,0.4589023275914571,-4.837210234594656,0.2084235793189415
30000,1.5,2.26,1.1687988634115911,0.0003502151736571,-3.949620123774744,0.8241269310233127
30000,1.75,2.26,0.1989342715132432,0.245939752288471,-5.077731557687122,0.9712001492683799
30000,2.0,2.2400000000000007,0.3469171065929613,0.110977812383506,-5.522568254719755,0.9962253081342162
30000,2.25,2.2400000000000024,0.458202547611843,-0.1162725647771594,-5.831734336560111,0.9976562144572564
30000,2.5,2.2400000000000007,0.5086671382811725,-0.150896869906187,-6.036456460656229,0.9978241511407033
30000,2.75,2.240000000001218,0.5143516807191109,0.1115651158251894,-6.252990029437626,0.9992503615022823
30000,3.0,2.2400000000000118,0.5246769796586812,0.1161676365276399,-6.405574073543432,0.9996156156699422
30000,3.25,2.240000000000004,0.5290079168785121,0.1293041454500357,-6.534494961008615,0.9992755377261343
30000,3.5,2.2400000000000007,0.5338232930717874,-0.1640051900450267,-6.663528894017036,0.998500558839839
30000,3.75,2.2400000000000007,0.5364862931272821,0.1887546750514545,-6.763957663494615,0.9986385573603934
30000,4.0,2.2400000000000007,0.5394002032982417,0.2154975478901765,-6.865406696472907,0.9981317709516744
30000,4.25,2.240000000000012,0.5574626671292827,0.2651931291503941,-6.963795814110082,0.9957518559742968
30000,4.5,2.2400000000000904,0.5652052460919526,0.3117060255438772,-7.028043893928775,0.9949681024168097
30000,4.75,2.2400000000000007,0.5643276208495577,0.3237579650413365,-7.114593541020742,0.9952028119720571
30000,5.0,2.259999999767217,0.6113123247527694,0.7157427409809828,-7.326740359010834,0.9877694824970246
30000,1.25,2.509997052935113,0.0117396892776097,0.4464353436444417,-4.889173104915684,0.2084235793189415
30000,1.5,2.51,1.0073458687483134,-0.0002861721560233,-4.0834205769721725,0.8241269310233127
30000,1.75,2.51,0.1950221171562413,0.2554379249293747,-5.0972470487926,0.9712001492683799
30000,2.0,2.4900000000000007,0.3488930152585842,0.1261042947194456,-5.528711842181105,0.9962253081342162
30000,2.25,2.4900000000000007,0.460680078272311,-0.131904327795653,-5.838391877634896,0.9976562144572564
30000,2.5,2.490000000000001,0.5112226040312381,0.1667368120385424,-6.041191726300606,0.9978241511407033
30000,2.75,2.490000000000041,0.5162784631558773,-0.1272463430468529,-6.257500297998411,0.9992503615022823
30000,3.0,2.4900000000000007,0.5264443573827784,0.1309454802820664,-6.410800313401822,0.9996156156699422
30000,3.25,2.4900000000000397,0.5309926622847698,-0.1447671315931928,-6.540540179006473,0.9992755377261343
30000,3.5,2.4900000000000007,0.536101735865934,-0.1800305101680338,-6.668911764016471,0.998500558839839
30000,3.75,2.4900000000000024,0.5386806872088233,0.2039464125677975,-6.770052801525113,0.9986385573603934
30000,4.0,2.4900000000000007,0.5411803182978348,0.2285754356316108,-6.872014578831132,0.9981317709516744
30000,4.25,2.490000000000051,0.559815609311496,0.2782836378798476,-6.969007996765788,0.9957518559742968
30000,4.5,2.490000000000031,0.5673364631632577,0.324010927924781,-7.033221325651711,0.9949681024168097
30000,4.75,2.4900000000000007,0.5664066296277519,0.3364727422104687,-7.119697526444613,0.9952028119720571
30000,5.0,2.5099999999999048,0.6125520915156735,0.7254990197160037,-7.333567619651991,0.9877694824970246
20000,1.25,1.5057745097530173,0.0450405537739967,1.6204058534778438,-2.4580013156347813,0.14569356101526765
20000,1.5,1.508253522923257,0.0150553399231345,0.4369197478503019,-5.410416733784599,0.5749240178455046
20000,1.75,1.5099956425133856,0.1754963260551034,2.721297810170885e-06,-5.264507399378682,0.9896323237206215
20000,2.0,1.5099999999999998,0.4308599838141803,0.2487237953785908,-5.498925408759007,0.9887445804795029
20000,2.25,1.5099999999999998,0.472428322439672,-0.1554900350609241,-6.028294511654058,0.9973339529293732
20000,2.5,1.5099999999999958,0.4955338848555471,0.13580899029481,-6.380103625920429,0.9980882802421507
20000,2.75,1.5099999999999991,0.5107491745051609,-0.1584721413271267,-6.575969561856018,0.9986382461202341
20000,3.0,1.5099999999985396,0.5389063951724653,0.3172967785215783,-6.81558056822161,0.994093218950254
20000,3.25,1.4900000000000002,0.5261267901579729,0.2557414679692195,-7.011789476483816,0.9938809797620112
20000,3.5,1.4900000000000002,0.5290913059914061,0.3131576514157851,-7.241207245517662,0.9931101348423359
20000,3.75,1.4900000000000002,0.5198720388717171,0.2915332204837844,-7.421790747815647,0.9946110007358046
20000,4.0,1.4900000000000002,0.5154602524141793,-0.2480844213246411,-7.63369558981954,0.9924674786511748
20000,4.25,1.5099999999999998,0.5062048092935084,0.1604344297819834,-7.793094815268007,0.9960597478290987
20000,4.5,1.5099999999999998,0.5077817206712494,0.1590793847363003,-7.960312390011422,0.9929780174527781
20000,4.75,1.5099999999999183,0.5066506611187802,-0.1391900391961312,-8.006656594998782,0.9864342259355938
20000,5.0,1.5099999999999307,0.5100220037037035,-0.1773150451584379,-8.047760397075717,0.9952942406837425
20000,1.25,1.7577151003794051,0.0442924152541585,1.6271465239899303,-2.5278167251902586,0.14569356101526765
20000,1.5,1.7400000000000244,0.0148649770387235,0.4578759154618037,-5.443632821404968,0.5749240178455046
20000,1.75,1.7599999999999998,0.1847255260679395,0.0935060060476867,-5.247658329365154,0.9896323237206215
20000,2.0,1.7599999999999998,0.4363622272600273,0.2869186549367555,-5.5052764845204285,0.9887445804795029
20000,2.25,1.7599999999999996,0.4789293577938718,0.194483594969434,-6.033611072553384,0.9973339529293732
20000,2.5,1.7599999999999774,0.5015255051754797,0.1797013161173948,-6.386111943207894,0.9980882802421507
20000,2.75,1.7599999999999971,0.5150439988488925,-0.1935308505358193,-6.586479127733722,0.9986382461202341
20000,3.0,1.7599999999966014,0.5425257301225669,0.3462807251416698,-6.826152074199537,0.994093218950254
20000,3.25,1.7400000000000002,0.5303689509854237,0.2901545206172658,-7.020565849519813,0.9938809797620112
20000,3.5,1.7400000000000002,0.532999726682525,0.3486337378907632,-7.251092632507597,0.9931101348423359
20000,3.75,1.7400000000000002,0.5231679999970424,0.3263320029473191,-7.435172284166223,0.9946110007358046
20000,4.0,1.740000000000008,0.517803263342679,-0.2802139619505514,-7.651258661787083,0.9924674786511748
20000,4.25,1.7599999999999998,0.508051976520879,0.1870125722549633,-7.810664065526165,0.9960597478290987
20000,4.5,1.7599999999986098,0.5091639528724206,0.1831920918932776,-7.976763663206561,0.9929780174527781
20000,4.75,1.7599999999999998,0.5076708664869182,0.1632744321231835,-8.023305374254795,0.9864342259355938
20000,5.0,1.759999999999737,0.5121338194506005,0.2042097533601252,-8.060064460329947,0.9952942406837425
20000,1.25,1.9938264775071823,0.0437861575154548,1.6324342227935815,-2.5741613711336413,0.14569356101526765
20000,1.5,1.9900000000035285,0.0147089318132172,0.473607159356499,-5.472106244466089,0.5749240178455046
20000,1.75,2.009999999999996,0.1861540597774257,0.1213328024175935,-5.252020612537769,0.9896323237206215
20000,2.0,2.009999999999979,0.4384711002173118,0.30926447326975,-5.51531400875743,0.9887445804795029
20000,2.25,2.009999999999998,0.482602121135202,0.2179993180038273,-6.0405585896523295,0.9973339529293732
20000,2.5,2.009999999999856,0.5053745033711398,-0.2058571026783814,-6.392018830318119,0.9980882802421507
20000,2.75,2.01,0.5180571325374194,-0.2164033643259804,-6.59563900588025,0.9986382461202341
20000,3.0,2.00999999999856,0.544950418355981,0.3657843721418706,-6.835468563850567,0.994093218950254
20000,3.25,1.99,0.5332648400140642,0.3133300727461781,-7.0284178940355,0.9938809797620112
20000,3.5,1.99,0.5356466777428103,0.3725993991228292,-7.259707610893972,0.9931101348423359
20000,3.75,1.9900000000000289,0.5254018199915185,0.3498354124857009,-7.446437210557692,0.9946110007358046
20000,4.0,1.99,0.5196650988908933,-0.3030640225401505,-7.664899410673176,0.9924674786511748
20000,4.25,2.01,0.5097947215270331,0.2067370156795391,-7.823796176085531,0.9960597478290987
20000,4.5,2.01,0.5103060466142656,0.200126757618188,-7.989626082126433,0.9929780174527781
20000,4.75,2.0099999999999767,0.5085093787923414,0.1795794999658725,-8.03614372918576,0.9864342259355938
20000,5.0,2.0099999999999985,0.5140363026819171,0.2243845869591935,-8.069475748416094,0.9952942406837425
20000,1.25,2.256370788197494,0.0434075528256206,1.6365747959211254,-2.610789068383655,0.14569356101526765
20000,1.5,2.2400000000000007,0.0145368075524719,0.4831662727325495,-5.499682079174415,0.5749240178455046
20000,1.75,2.240000000105564,0.1871628092641453,-0.1392691197755064,-5.2557094779965805,0.9896323237206215
20000,2.0,2.2599999999998075,0.4393036854061315,0.3236184005673431,-5.525356367332464,0.9887445804795029
20000,2.25,2.26,0.4849080862459586,0.2336691234579239,-6.047387272943557,0.9973339529293732
20000,2.5,2.26,0.5079076189978838,-0.2231462922741697,-6.397716806464804,0.9980882802421507
20000,2.75,2.26,0.5202361664127594,-0.2326376865106041,-6.60361377036136,0.9986382461202341
20000,3.0,2.26,0.5466511153499487,0.3795491595273068,-6.843568239416424,0.994093218950254
20000,3.25,2.2400000000000007,0.5353282166232667,0.3297742562295312,-7.035314760511005,0.9938809797620112
20000,3.5,2.2400000000000007,0.5375211541843352,0.3895630015199565,-7.267135079928725,0.9931101348423359
20000,3.75,2.2400000000000007,0.5269750270011607,0.3664765580821446,-7.455922872925676,0.9946110007358046
20000,4.0,2.2400000000000007,0.521078774106771,-0.3197202833354531,-7.675923509731093,0.9924674786511748
20000,4.25,2.26,0.5113360913717939,0.2219987240995367,-7.834039126691528,0.9960597478290987
20000,4.5,2.2599999999999034,0.5112656832824729,0.2126554412796568,-7.999878952010427,0.9929780174527781
20000,4.75,2.26,0.5092199049759105,0.1913506347495508,-8.046202850393241,0.9864342259355938
20000,5.0,2.26,0.5157047758533434,0.2401031832808502,-8.076966797413338,0.9952942406837425
20000,1.25,2.508672687405068,0.0432025676512934,1.6384572222758775,-2.635306889388075,0.14569356101526765
20000,1.5,2.4900000000000007,0.0143403019775625,0.4878808257910097,-5.527938462131669,0.5749240178455046
20000,1.75,2.490000000000003,0.1882820877171854,-0.1544717137714548,-5.258718112443786,0.9896323237206215
20000,2.0,2.5099999999998603,0.439790234720793,0.3339092819232323,-5.534063561348686,0.9887445804795029
20000,2.25,2.5099999999999936,0.4864680545201453,0.2447896944490566,-6.053629484297545,0.9973339529293732
20000,2.5,2.509999999999744,0.5097911810381296,-0.2359237921289653,-6.402886612737963,0.9980882802421507
20000,2.75,2.51,0.521808196672176,0.2444358983210026,-6.610619128031154,0.9986382461202341
20000,3.0,2.51,0.5478881752257792,0.3896281331735196,-6.850599518502326,0.994093218950254
20000,3.25,2.4900000000000007,0.536851499764484,0.3418890825796492,-7.041349459135067,0.9938809797620112
20000,3.5,2.4900000000000007,0.538896258991834,0.4020004806779502,-7.273544554309889,0.9931101348423359
20000,3.75,2.490000000000167,0.5281242308020605,0.3786988858511562,-7.4639489620277235,0.9946110007358046
20000,4.0,2.4900000000000007,0.5221534115732372,-0.3321952235833577,-7.685034154795677,0.9924674786511748
20000,4.25,2.51,0.5126364093135215,0.2339903446207477,-7.842366463327918,0.9960597478290987
20000,4.5,2.509999999999997,0.512065664644482,0.2222044358741669,-8.008242341315052,0.9929780174527781
20000,4.75,2.509999999999986,0.5098435166411447,0.2003372508310024,-8.054249151557215,0.9864342259355938
20000,5.0,2.50999999999968,0.5171023856083758,0.2524075310066048,-8.08318968845505,0.9952942406837425
1000,1.0,1.4999999999751863,1.202711541470336e-10,0.0999999992130105,-7.000000000126225,-inf
1000,1.5,1.509999979466252,1.5786381508665157,1.331493189559269,4.063243171713722,0.2901468662200316
1000,1.75,1.5099999999999998,0.2761028038911521,0.2931651580147774,-4.917693439339474,0.8815883546505308
1000,2.0,1.4900000000000002,0.4031767159473769,0.3414625117524939,-5.757829245693487,0.9667313698484361
1000,2.25,1.490000000000011,0.4781358888036786,0.3699432102815299,-6.51628807379858,0.9946593427410317
1000,2.5,1.5099999999960143,0.4831097159774493,-0.2552432720615263,-7.330839659152341,0.9886384448034337
1000,2.75,1.5099999999999998,0.4987679695526349,0.27176512681629,-8.002574159459023,0.9939473744243801
1000,3.0,1.5099999999999996,0.508428561668758,0.2534181437547659,-8.313204379027894,0.9925800828335353
1000,3.25,1.5099999999999998,0.4996951785806005,-0.1717045758537391,-8.574483273677657,0.9893913160403409
1000,3.5,1.5099999999999998,0.5092503630330778,-0.1645161507050681,-8.791232138502782,0.9757235116756965
1000,3.75,1.5099999999999998,0.5056912215002585,-0.1488511515648813,-8.914416188404168,0.9663380576999374
1000,4.0,1.5099999999999998,0.5165175444773449,0.2093660550781804,-9.141360938283157,0.9535015651251033
1000,4.25,1.4900000000003737,0.5045889294506354,0.0809556246761709,-9.162402769797092,0.8942939371234149
1000,4.5,1.509999994232624,0.5114777968673041,0.0496867091787734,-9.22436026000619,0.7759495575475143
1000,4.75,1.5017686028777126,0.5708946409434131,3.999635386745155,-16.389725289006208,0.5660713060824919
1000,1.0,1.7499999999661828,-4.973030320876149e-11,0.0999999978144429,-7.000000000820751,-inf
1000,1.5,1.7599999923376504,1.6204091810073369,1.3509662674829237,4.245416301372786,0.2901468662200316
1000,1.75,1.7599999999999998,0.2649451313460829,0.3323439870785702,-4.960098103812158,0.8815883546505308
1000,2.0,1.7400000000000002,0.403612011327093,0.3695896059174071,-5.77818392069431,0.9667313698484361
1000,2.25,1.7400000000000002,0.4804477586996865,0.3979236303439936,-6.531924839874337,0.9946593427410317
1000,2.5,1.7400000000025386,0.485274641185315,-0.2834676412852693,-7.344825446908588,0.9886384448034337
1000,2.75,1.7599999999999998,0.5001988445758538,0.2942369043688384,-8.017830654358445,0.9939473744243801
1000,3.0,1.7599999999999971,0.5101129135493834,0.2816451313846663,-8.326292186375138,0.9925800828335353
1000,3.25,1.7599999999999998,0.5006530063460222,-0.1952344319119998,-8.588016592694068,0.9893913160403409
1000,3.5,1.759999999999998,0.5101423344255025,0.1861533522376055,-8.801277525218003,0.9757235116756965
1000,3.75,1.7599999999999998,0.5059287678208194,-0.1583462683803578,-8.917173260140759,0.9663380576999374
1000,4.0,1.7599999999999998,0.5165576636220901,-0.2098074892721861,-9.132451315426293,0.9535015651251033
1000,4.25,1.7400000000024345,0.5045935417338817,-0.0853123078305986,-9.14535897377581,0.8942939371234149
1000,4.5,1.7400000000046574,0.511471618663148,0.0528060304375832,-9.19873516337151,0.7759495575475143
1000,4.75,1.7512271720777757,0.5709041046304358,3.999589076844011,-16.40910393118688,0.5660713060824919
1000,1.0,2.000000000002891,-3.672528947618048e-11,0.0999999990631859,-7.00000000134217,-inf
1000,1.25,1.995768130781264,0.0237924825979154,0.0419432062198705,-12.168815596561284,1.1102230246251565e-16
1000,1.5,2.0099999465533407,1.644199919511878,1.3620382603829673,4.344299052616982,0.2901468662200316
1000,1.75,2.01,0.2583608610462177,0.3600189240528171,-4.989082307129004,0.8815883546505308
1000,2.0,1.99,0.4034351373246639,0.3881598385247787,-5.795765649543176,0.9667313698484361
1000,2.25,1.99,0.4819570633849296,0.4167068114886417,-6.544815054856538,0.9946593427410317
1000,2.5,1.99,0.4870500999923792,-0.3054430092613668,-7.357144605617324,0.9886384448034337
1000,2.75,2.01,0.5013950883020449,0.3109930498519156,-8.029700571543199,0.9939473744243801
1000,3.0,2.0099999999999145,0.5114058622889941,0.3016039919602141,-8.337159215427825,0.9925800828335353
1000,3.25,2.01,0.5013978384340751,-0.2114348219364462,-8.599352032127163,0.9893913160403409
1000,3.5,1.990000009693492,0.510828347964556,-0.2007211941755699,-8.809449737728453,0.9757235116756965
1000,3.75,2.01,0.5061430518292351,0.1654075190580284,-8.920637592486903,0.9663380576999374
1000,4.0,2.0099999999999976,0.51657828627111,0.2095500718073241,-9.126425538271503,0.9535015651251033
1000,4.25,1.990000000000002,0.5045784615502938,0.08633263137892,-9.131399278998964,0.8942939371234149
1000,4.5,1.990000000123881,0.511458552635424,0.0530773563766465,-9.175917345906605,0.7759495575475143
1000,4.75,2.001725890308937,0.5709035898175456,3.9989421535824174,-16.423500842456647,0.5660713060824919
1000,1.0,2.25000000000493,5.378678058498565e-11,0.1000000006596717,-6.999999999700692,-inf
1000,1.25,2.244777324430613,0.0237924827279907,0.0838843625022291,-12.645572232862962,1.1102230246251565e-16
1000,1.5,2.2599999973429057,1.6565745705817168,1.3677892869200523,4.390660767401744,0.2901468662200316
1000,1.75,2.26,0.2530849135141256,0.3750631761039674,-5.014060248967721,0.8815883546505308
1000,2.0,2.2400000000000007,0.4029804680256659,0.4009294104114543,-5.810858096412408,0.9667313698484361
1000,2.25,2.240000000000072,0.4830018201070761,0.4299593415058004,-6.555473133004514,0.9946593427410317
1000,2.5,2.240000000000001,0.4883344072623498,-0.3212396810022236,-7.367345627023036,0.9886384448034337
1000,2.75,2.259999999999965,0.5024190925672959,0.3241561036427111,-8.039184974801582,0.9939473744243801
1000,3.0,2.26,0.5123904011139983,-0.3160763208095197,-8.346277516282742,0.9925800828335353
1000,3.25,2.2400000000000038,0.5019666416851324,0.2227347832289637,-8.608215119321098,0.9893913160403409
1000,3.5,2.2400000000000104,0.5114058418672985,-0.2123234053014533,-8.817273493431324,0.9757235116756965
1000,3.75,2.26,0.5063285880160779,-0.1708410070001852,-8.924306857969716,0.9663380576999374
1000,4.0,2.259999999999998,0.5165876170006066,0.2089928255469024,-9.12220960533196,0.9535015651251033
1000,4.25,2.2400000000000007,0.5045565416328923,0.0860399452617409,-9.119977196060292,0.8942939371234149
1000,4.5,2.240000000015447,0.5114474577101545,0.052634171835221,-9.157841509008422,0.7759495575475143
1000,4.75,2.252235369963683,0.5708956377867238,3.997801430773813,-16.43430029756673,0.5660713060824919
1000,1.0,2.5000000000021725,-9.631814790189708e-11,0.0999999979582106,-7.000000000994787,-inf
1000,1.5,2.509996915491576,1.6596913995760088,1.369126973798105,4.393176792761606,0.2901468662200316
1000,1.75,2.51,0.2492019090490889,0.385219612977715,-5.033792869265521,0.8815883546505308
1000,2.0,2.4900000000000007,0.4024273742462121,0.4100295146956895,-5.823777713877724,0.9667313698484361
1000,2.25,2.4900000000000007,0.4837561648799315,0.4396691367348684,-6.5643747522864375,0.9946593427410317
1000,2.5,2.490000000000061,0.4892782772344089,-0.3329132498614213,-7.375910688032921,0.9886384448034337
1000,2.75,2.50999999999977,0.503281032629437,0.3346579627166776,-8.04698151472938,0.9939473744243801
1000,3.0,2.509999999999834,0.5131575926914324,0.3269272824064357,-8.354001782307813,0.9925800828335353
1000,3.25,2.490000000001063,0.5025008703103576,0.2325488509667037,-8.616439679650671,0.9893913160403409
1000,3.5,2.490000000000004,0.5118485410313224,0.2209877233531771,-8.824169813549494,0.9757235116756965
1000,3.75,2.509999999999996,0.5064837077965071,0.1750489137060716,-8.927886068424588,0.9663380576999374
1000,4.0,2.50999999987078,0.516590187475744,0.2083216029076134,-9.11919838871638,0.9535015651251033
1000,4.25,2.509999994429637,0.5045320297332792,-0.0851676981595146,-9.109907411960515,0.8942939371234149
1000,4.5,2.490000000000014,0.5114397991747641,0.0521479231384168,-9.143506316831598,0.7759495575475143
1000,4.75,2.502579577131704,0.570879837627374,3.996062091990948,-16.44225347806892,0.5660713060824919
500,1.0,1.50999761687321,0.1711635697014498,0.882669858681062,-5.072312862513338,0.11535058030286593
500,1.5,1.4900374610827003,0.0480350365273575,-8.644218072047153e-05,-6.83738170416494,0.03886044103672137
500,1.75,1.5098139915953963,0.2534470927654252,0.7135753876089753,-4.320742991970575,0.5640706469473584
500,2.0,1.4900000000003102,0.3030674269855307,0.2497393415667982,-5.667523625603408,0.9446470034854796
500,2.25,1.5099999999999998,0.3850613865319395,0.5012283896415838,-6.546139367515645,0.9554524933714894
500,2.5,1.5099999999999998,0.4620489145905359,0.8579465492401968,-7.152259261740332,0.7994865236237196
500,2.75,1.509999999993356,0.4507762549779259,0.4704248827235023,-7.872659857905365,0.9643015439833474
500,3.0,1.5099999999999998,0.4447716927288649,0.3390847053287571,-8.573384737733306,0.8806675297742176
500,3.25,1.5099999999957023,0.5584820221675362,1.8409609056132976,-8.803923213892764,0.8867559966445382
500,3.5,1.5099999999999998,0.5220128071043592,1.140313761601115,-9.711882006802355,0.7151961514641202
500,3.75,1.5060712148633106,3.1664617189482898,11.019670134021386,12.434001889084309,0.5599314303761055
500,4.25,1.4900000000000004,0.5075104887960813,0.6697870926201925,-9.821144716532393,0.44944082775658145
500,4.75,1.4900000755178973,0.5067001743532945,0.5335168473806509,-9.754908614633676,0.4017013976313554
500,5.0,1.509999981663556,0.4973933434809317,0.6006493511614514,-10.600305513551588,0.11787058960373953
500,1.0,1.7599988940778069,0.1652937972514441,0.860521916173789,-5.155581694388244,0.11535058030286593
500,1.5,1.7400000000000002,0.0425092914291312,-0.1463192740525073,-7.431499468426987,0.03886044103672137
500,1.75,1.7599828141810063,0.2490218872137396,0.7204022830011665,-4.373705062186028,0.5640706469473584
500,2.0,1.7400000000000002,0.303271578512838,0.275726716096816,-5.689816584971487,0.9446470034854796
500,2.25,1.7599999999999998,0.3864845398487331,0.5216958828194076,-6.560718209055344,0.9554524933714894
500,2.5,1.7599999999999998,0.4613226310490237,0.8654328675154435,-7.179758433665851,0.7994865236237196
500,2.75,1.7599999712498915,0.4527390311127127,-0.498267270195914,-7.8879903967055585,0.9643015439833474
500,3.0,1.7599999999999998,0.4450275765348015,0.3479511910166264,-8.585921150727494,0.8806675297742176
500,3.25,1.759999999997492,0.5588424846580367,1.849914509504566,-8.82249376391609,0.8867559966445382
500,3.5,1.7599999999482343,0.5220738209820188,1.139792230981538,-9.721529334670166,0.7151961514641202
500,3.75,1.7561943997394265,3.1650965229231667,11.021462563171148,12.403894989976884,0.5599314303761055
500,4.25,1.7400000000001992,0.5074424450937552,0.6655456465905829,-9.820973903531604,0.44944082775658145
500,4.75,1.740000000070999,0.5066508809695931,0.5292745113932531,-9.75036411046204,0.4017013976313554
500,5.0,1.7599999999997908,0.4973805380096874,0.5983499110208492,-10.603030377907103,0.11787058960373953
500,1.0,2.0099771046454906,0.16152032596702,0.839952495957404,-5.212675518323713,0.11535058030286593
500,1.5,1.9900000000000293,0.0424176290982819,0.1552011936326212,-7.4495900976061105,0.03886044103672137
500,1.75,2.009960760256375,0.2454438823047262,0.7254009181042983,-4.413464356676149,0.5640706469473584
500,2.0,1.99,0.3032027862962025,0.2927682360145624,-5.708141349389652,0.9446470034854796
500,2.25,2.01,0.3873776526666179,0.5351318813415233,-6.572941628341309,0.9554524933714894
500,2.5,2.01,0.4607377418837031,0.8697539686681393,-7.200735759181924,0.7994865236237196
500,2.75,1.990000000144684,0.4539958017027288,-0.5161668017294687,-7.899553688271005,0.9643015439833474
500,3.0,2.01,0.44519078114272,-0.3538838028475935,-8.596564478309611,0.8806675297742176
500,3.25,2.009999999648958,0.5590791830970216,1.8558514341224783,-8.836978525251638,0.8867559966445382
500,3.5,2.009999987135917,0.5221135668323785,1.1393894521487613,-9.729908312707163,0.7151961514641202
500,3.75,2.005471584903081,3.1650059872471967,11.02133880928337,12.38446587928291,0.5599314303761055
500,4.0,2.0080757737643697,3.0858898348642634,22.3901905450985,30.94525022763508,0.05003182601309053
500,4.25,1.990000000000001,0.5073640653919916,0.6618657626468767,-9.821711037842178,0.44944082775658145
500,4.5,1.9992024543925844,0.4673459471208412,0.6393626555332954,-16.37735695080679,0.0
500,4.75,1.990000000018716,0.5066373878139537,0.5268387481860889,-9.749704757133388,0.4017013976313554
500,5.0,2.009999999999992,0.4973325379766257,0.5954222010253756,-10.603801199538312,0.11787058960373953
500,1.0,2.259947431908538,0.1589539744355408,0.8222650104531205,-5.253522031448956,0.11535058030286593
500,1.5,2.240000000000001,0.0424748341403332,0.1704897752942588,-7.459214255016867,0.03886044103672137
500,1.75,2.259912953218165,0.2430092665157202,0.7287543214155613,-4.44264790144438,0.5640706469473584
500,2.0,2.2400000000000007,0.303060738939675,0.3046546284303947,-5.7231093300710585,0.9446470034854796
500,2.25,2.2599999999999945,0.387965170309966,0.5443955726913426,-6.583216682351754,0.9554524933714894
500,2.5,2.26,0.4602729472169975,0.8724156137672784,-7.217173375868115,0.7994865236237196
500,2.75,2.2400000000353733,0.4549851622999795,0.5303243650373691,-7.909997375178976,0.9643015439833474
500,3.0,2.26,0.4452977544464218,0.3580259270682727,-8.605595523171747,0.8806675297742176
500,3.25,2.2599999158122928,0.559246440176415,1.860050181296896,-8.848569044998158,0.8867559966445382
500,3.5,2.25999999977751,0.5221404652494875,1.139068127700554,-9.737138378961811,0.7151961514641202
500,3.75,2.2550062987129014,3.1627797329915466,11.024723437550724,12.362781509031516,0.5599314303761055
500,4.25,2.240000000006132,0.5072826805021746,0.6586216024794275,-9.822736818914349,0.44944082775658145
500,4.5,2.249338921361401,0.4673459351455329,-0.5690939671036094,-17.59016110250764,0.0
500,4.75,2.240000000000068,0.5066344401798831,0.5252565951219751,-9.750732821192589,0.4017013976313554
500,5.0,2.25999999832296,0.4973115043002906,0.5938405757209281,-10.606823112154736,0.11787058960373953
500,1.0,2.5099715962625493,0.1570843871097345,0.8073725615431412,-5.284269496906113,0.11535058030286593
500,1.5,2.490000000009632,0.0439474040760557,0.3112125758499365,-7.456350341181472,0.03886044103672137
500,1.75,2.5098270293451197,0.2413537422670576,0.7310104778494003,-4.4646246124217015,0.5640706469473584
500,2.0,2.490000000000001,0.3029040223258996,0.3133111491785972,-5.735452355163566,0.9446470034854796
500,2.25,2.509999999999992,0.3883664667620171,0.551034405472902,-6.591916751884932,0.9554524933714894
500,2.5,2.51,0.4599009553433165,0.8741323630460042,-7.230361576150288,0.7994865236237196
500,2.75,2.490000000063358,0.4557153552804562,0.54082085088614,-7.918717479243839,0.9643015439833474
500,3.0,2.51,0.445376790967224,0.3611157680032844,-8.613314438753914,0.8806675297742176
500,3.25,2.51,0.5593665073626819,1.863090777241044,-8.858052674715495,0.8867559966445382
500,3.5,2.5099999013507017,0.5221597860339534,1.138819904995006,-9.74339941355488,0.7151961514641202
500,3.75,2.5045194575857384,3.1624004591729653,11.025257887215052,12.349847951588998,0.5599314303761055
500,4.0,2.506305410251127,3.082118098508768,22.4022047415878,30.894559829797064,0.05003182601309053
500,4.25,2.490000000000482,0.5072501210301136,0.6568848404024303,-9.825187271861504,0.44944082775658145
500,4.75,2.490000000000001,0.5066317378090517,0.5240789808448838,-9.75241415050222,0.4017013976313554
500,5.0,2.5099999971208726,0.497263631630287,0.5915267889341792,-10.607411924465652,0.11787058960373953
10000,1.0,1.5008268908478866,0.4724152635935911,6.839512640587572,5.121346203362133,0.021621237081569045
10000,1.25,1.5004378129238256,0.004813322802201,-0.5657185527113869,-17.509195846654727,1.1102230246251565e-16
10000,1.75,1.509999938923286,0.2038634920841269,0.0333121470247127,-5.1439103987632615,0.9798844685661898
10000,2.0,1.4900000000000002,0.4479904272264421,0.2612484028578957,-5.570547135030449,0.9852110884250219
10000,2.25,1.5099999999405225,0.4844407677980211,-0.1886734961447202,-6.323026788675157,0.9983540273813035
10000,2.5,1.5099999999999998,0.5070730380217396,0.1632224516287248,-6.678781149575493,0.9970447153648005
10000,2.75,1.5099999999999998,0.5577913300988636,0.3694563981566821,-7.009105533499363,0.9698774450563543
10000,3.0,1.5099999999999871,0.518635860487248,0.1105286694982088,-7.373695546677721,0.9966439134384955
10000,3.25,1.5099999999999998,0.5245397603828806,0.1778534446885291,-7.720341627258927,0.9943281232114047
10000,3.5,1.509999999999997,0.523081087785613,0.0954375939922436,-7.873969568806814,0.9976977986972367
10000,3.75,1.5099999999949585,0.5261594726294512,0.0939140995031947,-8.017479144728355,0.9964720048204726
10000,4.75,1.4900002644021495,0.5252704518882235,-4.9593796860999614e-06,-8.559024366690668,0.9964197760941491
10000,5.0,1.4900000000000002,0.5265691778173078,-0.0248872601029242,-8.639235193724167,0.9920853697315518
10000,1.0,1.749888970218341,0.4726967087580231,6.835918116889004,5.095932042392486,0.021621237081569045
10000,1.25,1.750489868430618,0.0048146546663835,-0.8820118794511428,-17.138383452537326,1.1102230246251565e-16
10000,1.75,1.7599999999956375,0.1915838490393413,0.0631029326769528,-5.186621142279946,0.9798844685661898
10000,2.0,1.7400000000000002,0.451881685793316,0.2942633136700688,-5.58062977047721,0.9852110884250219
10000,2.25,1.7400000000000098,0.4884475828873233,-0.2203746759643576,-6.3309784025363225,0.9983540273813035
10000,2.5,1.743092221186821,0.5091846155347485,0.1885038676893118,-6.694464738962417,0.9970447153648005
10000,2.75,1.7599999999999998,0.560910659558551,0.3935265257014938,-7.019411035935796,0.9698774450563543
10000,3.0,1.7599999999999572,0.5197275764790869,0.1420117713855709,-7.388549661149458,0.9966439134384955
10000,3.25,1.7599999999964624,0.5259943624339539,-0.2052234255617643,-7.73955681156194,0.9943281232114047
10000,3.5,1.7599999999999998,0.524735196954467,0.1291328489680061,-7.888029383857359,0.9976977986972367
10000,3.75,1.7400000000000078,0.5276962914502404,0.1292329508539424,-8.026937931357125,0.9964720048204726
10000,4.0,1.7400000000000015,0.5264223545785959,0.0614488480633099,-8.099211814975918,0.9963169846305268
10000,4.5,1.7400000000000002,0.5270736483127685,-0.0507294040988088,-8.416803202148566,0.9916146785925006
10000,4.75,1.740000000000371,0.5265429071629172,-0.071061683517725,-8.569802414159778,0.9964197760941491
10000,5.0,1.7400000000000002,0.5280314547999034,-0.079324300033427,-8.649512813600241,0.9920853697315518
10000,1.0,1.999121542670368,0.4718003587648283,6.84225171571914,5.06543651904224,0.021621237081569045
10000,1.25,2.0003376265121178,0.0048133227548211,0.612541942121089,-16.62382224781638,1.1102230246251565e-16
10000,1.75,1.990000000000506,0.1870926998937317,0.0817823413628311,-5.206598412390282,0.9798844685661898
10000,2.0,1.99,0.4548164916383487,0.3172499970802656,-5.588766605345347,0.9852110884250219
10000,2.25,1.990000000000016,0.4914632923672867,-0.244105602244586,-6.338906916052836,0.9983540273813035
10000,2.5,1.99,0.5113137001208478,0.2088104272020114,-6.706850327794575,0.9970447153648005
10000,2.75,2.009999999999999,0.5628963660765959,0.4088918022501317,-7.028518974267413,0.9698774450563543
10000,3.0,2.009999999999949,0.5207485897688442,-0.1628960439137072,-7.400389358089665,0.9966439134384955
10000,3.25,1.9900000000000015,0.5270928391684101,-0.2232152735335327,-7.753545575950569,0.9943281232114047
10000,3.5,2.01,0.5258830878739065,0.1499118098382414,-7.900313116419298,0.9976977986972367
10000,3.75,1.9900000000000253,0.5289855922150686,0.153123525113676,-8.035740966464271,0.9964720048204726
10000,4.0,1.9900000000000289,0.527480245208146,0.09722455010705,-8.106512598736872,0.9963169846305268
10000,4.25,1.99,0.5265814482516631,0.059428281293459,-8.32042783291467,0.9934057247066429
10000,4.5,1.99,0.5283625544228764,-0.0848975048752546,-8.425727965270884,0.9916146785925006
10000,4.75,1.990000000000002,0.5274492278644926,0.0949797791367638,-8.579049639436933,0.9964197760941491
10000,5.0,1.99,0.5289676876957833,-0.101627490047067,-8.657999520057416,0.9920853697315518
10000,1.0,2.249679884082251,0.4717800081568269,6.842487931662953,5.050325087342682,0.021621237081569045
10000,1.25,2.249784609110244,0.0048133230207913,0.5117422071756557,-16.90894599867551,1.1102230246251565e-16
10000,1.75,2.2400000000000007,0.1855768862177561,0.0994463456101224,-5.218113892265633,0.9798844685661898
10000,2.0,2.240000000000183,0.4571106047174974,0.3339717102807451,-5.595365731125245,0.9852110884250219
10000,2.25,2.240000000000001,0.493533736535493,-0.2606994765185395,-6.346044539353143,0.9983540273813035
10000,2.5,2.2400000000000007,0.5131178928960973,0.2244219510431302,-6.716702728092532,0.9970447153648005
10000,2.75,2.259999999999996,0.5642134488958134,0.4191554993541728,-7.036467743182992,0.9698774450563543
10000,3.0,2.259999999999998,0.5216071451176855,-0.1777092512508698,-7.410006780162312,0.9966439134384955
10000,3.25,2.2400000000000038,0.528059274732863,0.2378656975622965,-7.765870283510106,0.9943281232114047
10000,3.5,2.259999999999888,0.5267825094987049,0.1647412513223719,-7.910587081947154,0.9976977986972367
10000,3.75,2.2400000000000007,0.5300594154429669,0.1706462822319078,-8.043080114716652,0.9964720048204726
10000,4.0,2.240000000000001,0.5283932509159692,0.1181308863409307,-8.112620925496067,0.9963169846305268
10000,4.25,2.2400000000000007,0.5276191891347797,-0.0846572256921095,-8.327065301189869,0.9934057247066429
10000,4.5,2.240000000000569,0.5293388288481702,0.1047721594809218,-8.432438498586777,0.9916146785925006
10000,4.75,2.240000000000002,0.5282509487470723,-0.111805681171253,-8.58724985055841,0.9964197760941491
10000,5.0,2.2400000000000007,0.529856479309789,-0.1183208926581637,-8.665364034046664,0.9920853697315518
10000,1.0,2.50088966451031,0.4716753167766999,6.841866428244141,5.034762033852757,0.021621237081569045
10000,1.25,2.499626737597928,0.0048148967970252,-0.8113937137871127,-16.42742857560958,1.1102230246251565e-16
10000,1.5,2.51,0.4151398311641376,6.719298331111027e-06,-4.42615951446871,0.5336545042108568
10000,1.75,2.490000000000003,0.1857035412745218,0.1153677126618925,-5.224441739298056,0.9798844685661898
10000,2.0,2.4900000000000007,0.458966311031987,0.3465744774043734,-5.600745908149318,0.9852110884250219
10000,2.25,2.490000000001128,0.494990817329513,-0.2726654027787546,-6.352384619066872,0.9983540273813035
10000,2.5,2.49000000000002,0.5145649909749206,0.2364338909342203,-6.7247664715646565,0.9970447153648005
10000,2.75,2.5099999999999905,0.5651162488250118,0.426265207528832,-7.043395158412923,0.9698774450563543
10000,3.0,2.509999999999466,0.5223189783055676,-0.1887673422175939,-7.417966486082052,0.9966439134384955
10000,3.25,2.4900000000000206,0.5288399456559248,0.2490776751128259,-7.775980986376717,0.9943281232114047
10000,3.5,2.51,0.5275212875511379,0.1759294419006157,-7.919180788086553,0.9976977986972367
10000,3.75,2.49000000000001,0.5309794676387607,0.1843406226036211,-8.049272246652176,0.9964720048204726
10000,4.0,2.4900000000000007,0.5291843404597515,0.1331896322621578,-8.11788885939865,0.9963169846305268
10000,4.25,2.4900000000000007,0.5284100977272109,-0.1001926031256573,-8.331922768908214,0.9934057247066429
10000,4.5,2.4900000000000007,0.530283336960369,0.1204518359286654,-8.438534027946172,0.9916146785925006
10000,4.75,2.4900000000000007,0.5289658330440231,0.1247227930095584,-8.594372970003441,0.9964197760941491
10000,5.0,2.4900000000000007,0.5306887890542954,0.1318156342123258,-8.67171219496701,0.9920853697315518
5000,1.0,1.5099170270394222,0.0032165770414064,-3.652487510215872e-05,-6.421066737125288,0.24521628335069645
5000,1.25,1.5099999999999998,1.1288601848746171,-0.0008670569958855,-3.2234551913558493,0.3385645816742797
5000,1.5,1.5099570894009056,0.043408821395962,1.5126732342888325,-3.453090717080725,0.4072272640939012
5000,1.75,1.5099999999999976,0.1870893169275593,-0.0795104404795736,-5.21461323067407,0.9977552965602189
5000,2.0,1.4900000000000002,0.4158309819296208,0.235391359833142,-5.85444753960699,0.9969739840590038
5000,2.25,1.4900000000000002,0.4882971683623865,0.2595662789883376,-6.516808521827647,0.9973170622838184
5000,2.5,1.5099999999999998,0.5009495385953034,0.2028012187922578,-7.071569492448137,0.9962734030961735
5000,2.75,1.5099999999999998,0.512701731916462,-0.1793171528209434,-7.526424630816768,0.9959620949298227
5000,3.0,1.5099999999999998,0.5187063139321054,0.1713886969818675,-7.851382600321815,0.9968956718631222
5000,3.25,1.5099999999999998,0.5224763656803526,0.1170968243649703,-8.04746328742993,0.9982093274266332
5000,3.5,1.5099999999999998,0.5233622455518884,-0.0791204176242902,-8.319204083146104,0.9973571077437684
5000,3.75,1.4900000000000009,0.5256278293551676,0.1004837162368578,-8.531364275529716,0.9954359386018161
5000,4.0,1.4900000000009803,0.5263638863776746,-0.0848673135003117,-8.650323865148879,0.9949380918170391
5000,4.25,1.5099999999999998,0.5219429704045802,0.0300660364777478,-8.936388644500388,0.9945191084173495
5000,4.5,1.4900000000000002,0.5260496346927909,-0.1459762478871504,-9.011243194363129,0.9898503756114834
5000,4.75,1.5099999999999998,0.5229611360575809,0.0618388230418104,-8.942880271643258,0.9939017743364837
5000,5.0,1.5099999999999674,0.5243093132500644,0.1128183851803013,-9.08472172373554,0.9935803904454452
5000,1.0,1.7586698993776788,0.003242325682668,3.1058178673797017e-06,-6.3871213719582745,0.24521628335069645
5000,1.25,1.7599999999999998,1.1620292418650129,6.718797221498872e-05,-3.4820420804229,0.3385645816742797
5000,1.5,1.7597391490332346,0.042677591703598,1.5196704774537626,-3.5185650490359865,0.4072272640939012
5000,1.75,1.7400000000000002,0.1849195863333703,-0.1110288031432607,-5.232349925131729,0.9977552965602189
5000,2.0,1.7400000000000015,0.4187025321421567,0.2650946819061916,-5.868405577636323,0.9969739840590038
5000,2.25,1.740000000000001,0.4911256337482927,0.2893885793875699,-6.53155689412345,0.9973170622838184
5000,2.5,1.7400000000003315,0.5032524039181627,0.2283567559337808,-7.083575467684794,0.9962734030961735
5000,2.75,1.7599999999999998,0.5140591501844227,-0.2064498001860175,-7.544869058388952,0.9959620949298227
5000,3.0,1.7599999999999998,0.520158501521246,0.1982484389256731,-7.868233543305191,0.9968956718631222
5000,3.25,1.759999999999998,0.5239220294029994,0.1491089777111933,-8.058823738840607,0.9982093274266332
5000,3.5,1.7400000000117484,0.5243974014540644,0.1168388780280133,-8.32965372297965,0.9973571077437684
5000,3.75,1.740000000000008,0.5266618618483203,0.1333816253808406,-8.544432292263128,0.9954359386018161
5000,4.0,1.7400000000000002,0.5271380941047985,-0.113740409602045,-8.66207643326169,0.9949380918170391
5000,4.25,1.7599999999999998,0.5225225787979713,-0.0723260115991071,-8.94275096162574,0.9945191084173495
5000,4.5,1.7400000000000002,0.5264478128587123,0.1582553673784603,-9.0138551563732,0.9898503756114834
5000,4.75,1.7599999999999998,0.5236281401808681,-0.0906101896516116,-8.948605790550435,0.9939017743364837
5000,5.0,1.7599999999999774,0.5244861574893773,-0.1208324518489033,-9.079322657719873,0.9935803904454452
5000,1.25,2.01,0.9888068829917182,-0.000113152571027,-3.715116256500344,0.3385645816742797
5000,1.5,2.0088649893554784,0.0422150561745799,1.524259727810908,-3.563053623162792,0.4072272640939012
5000,1.75,1.99,0.1850333440550196,-0.1375254378907819,-5.241718046095558,0.9977552965602189
5000,2.0,1.99,0.4201275861272037,0.2835146632187932,-5.881414332686017,0.9969739840590038
5000,2.25,1.99,0.4930864779315145,0.3098241785537178,-6.543615916509729,0.9973170622838184
5000,2.5,1.9900000000000015,0.5053765418441437,0.2492169062926356,-7.093608874436353,0.9962734030961735
5000,2.75,2.01,0.515110580215332,-0.2249816100799148,-7.559664941046867,0.9959620949298227
5000,3.0,2.0099999999999967,0.5213558843397343,0.2174118639581185,-7.8815297133206546,0.9968956718631222
5000,3.25,2.0099999999991423,0.5250630338098119,0.1703915738733959,-8.068123489447666,0.9982093274266332
5000,3.5,1.9900000000005145,0.5255022277902385,-0.1434408624777357,-8.338929054043966,0.9973571077437684
5000,3.75,1.9900000000007552,0.5276439420084151,-0.1563648402799553,-8.555625828145612,0.9954359386018161
5000,4.0,1.99,0.5278717264167355,-0.1339481096029164,-8.672216791504516,0.9949380918170391
5000,4.25,2.009999999999992,0.5229775393237436,-0.0903062159124531,-8.947689399138296,0.9945191084173495
5000,4.5,1.99,0.5267237667275027,0.1659934063526396,-9.016605513607187,0.9898503756114834
5000,4.75,2.009999999999998,0.5240640448105328,0.1049170818693891,-8.95298149743742,0.9939017743364837
5000,5.0,1.99,0.5245792496765751,-0.1246025552863914,-9.075473230913335,0.9935803904454452
5000,1.25,2.26,1.087615636206077,-0.0004318660318134,-3.8456385072785024,0.3385645816742797
5000,1.5,2.258366960478,0.0419001464039848,1.5274701241022044,-3.595191076791256,0.4072272640939012
5000,1.75,2.24000000000002,0.1857953805076503,-0.1580344929183173,-5.2476099891992245,0.9977552965602189
5000,2.0,2.2400000000000007,0.42103934893286,0.296464918154872,-5.892421373603947,0.9969739840590038
5000,2.25,2.2400000000000007,0.4944973354639402,0.324434961839794,-6.553567838574906,0.9973170622838184
5000,2.5,2.2400000000000007,0.5070374420019977,0.2647707137184797,-7.101767690360592,0.9962734030961735
5000,2.75,2.2599999999972744,0.5159191395517062,-0.2382464667528557,-7.571748238316929,0.9959620949298227
5000,3.0,2.2400000000000047,0.5222456801197006,0.2306285807088869,-7.891542317809857,0.9968956718631222
5000,3.25,2.26,0.5260199399470785,0.1862435939027692,-8.075781349277431,0.9982093274266332
5000,3.5,2.2400000000000007,0.5264349723737336,-0.1619020110293448,-8.346682229326785,0.9973571077437684
5000,3.75,2.240000000000122,0.5284745583117145,0.1730491799743199,-8.565204414454474,0.9954359386018161
5000,4.0,2.240000000000001,0.5285780431036229,0.1497875310878213,-8.680848081947316,0.9949380918170391
5000,4.25,2.26,0.5232890623513715,-0.1005580085249481,-8.951738176928647,0.9945191084173495
5000,4.5,2.2400000000000007,0.526909070663048,0.1709180482036776,-9.019070694597788,0.9898503756114834
5000,4.75,2.26,0.5243599921972154,-0.1136507072054379,-8.956814141564081,0.9939017743364837
5000,5.0,2.2400000000004154,0.5246375818293826,0.1267288282250225,-9.072145683909456,0.9935803904454452
5000,1.0,2.4902541273651466,0.003296408729694,-4.845367439657548e-05,-6.314169697343503,0.24521628335069645
5000,1.25,2.51,1.0454940734585192,-1.1081444837525096e-05,-3.9722821842497815,0.3385645816742797
5000,1.5,2.504743903080773,0.041685792703433,1.529741285404114,-3.618699582112169,0.4072272640939012
5000,1.75,2.4900000000000007,0.1864628855351126,-0.1734290408795335,-5.252616946704077,0.9977552965602189
5000,2.0,2.4900000000000007,0.4216624073051032,0.3059849218376831,-5.901728543479746,0.9969739840590038
5000,2.25,2.490000000000001,0.4955503275734642,0.3352609478902782,-6.56186445592977,0.9973170622838184
5000,2.5,2.490000000000002,0.5083135693346089,0.2765429640736894,-7.108647155615758,0.9962734030961735
5000,2.75,2.51,0.5165504630423288,-0.2480889458698745,-7.581757721868294,0.9959620949298227
5000,3.0,2.490000000001434,0.5230241051635811,-0.2416949778419617,-7.90062931560353,0.9968956718631222
5000,3.25,2.4900000000000007,0.5267820118085457,0.1977661959829731,-8.081729721830431,0.9982093274266332
5000,3.5,2.490000000000008,0.5271984317998389,-0.1755645237650892,-8.353335743102729,0.9973571077437684
5000,3.75,2.490000000000015,0.5291472354404299,0.1855336120663944,-8.573431538781556,0.9954359386018161
5000,4.0,2.490000000000002,0.5292471691528087,0.1627259749782268,-8.688210372921084,0.9949380918170391
5000,4.25,2.5099999999998945,0.5235014060029216,0.1070293837236059,-8.955224692924903,0.9945191084173495
5000,4.5,2.490000000000067,0.5270320645851756,-0.1740789174190993,-9.021183975033871,0.9898503756114834
5000,4.75,2.490000000000007,0.5245515811896294,0.119007690219181,-8.959946226585211,0.9939017743364837
5000,5.0,2.4900000000000007,0.5246704353848406,-0.1277604723491087,-9.069484114146272,0.9935803904454452
800,1.0,1.509967348081827,0.0107609215017382,0.000105668627869,-8.109704963652431,0.07165059901668136
800,1.5,1.5099799850221896,0.020969881512685,-6.589070767293511e-05,-8.305793181257995,0.10371693814109084
800,1.75,1.5099962617574707,0.1001574847651789,2.7031318064915672e-05,-5.122330792598777,0.25848054737035997
800,2.25,1.4900000000000004,0.5553080556033816,0.4917712862491131,-5.96177727472067,0.8175040897074497
800,2.5,1.4900000000000002,0.539036891317685,0.4185890391506745,-6.150826854960328,0.9028211917316794
800,2.75,1.5099999999999998,0.5576857870766482,0.7857005793599224,-6.703992528919461,0.6676143716131997
800,3.0,1.4900000000000002,0.5129601751217496,-7.348524156165179e-06,-6.583655270017583,0.9747081561058833
800,3.25,1.4900000000012368,0.5428664146368624,0.7045931509270711,-7.407127154560573,0.6880367195298184
800,3.5,1.5038306986677237,0.4620160128863617,-0.401108513782337,-9.923222903416123,0.02644218458289105
800,3.75,1.5099999999999998,0.4801224917358664,0.3194055846244674,-8.833152731842302,0.37716008017726765
800,4.0,1.5099999999999916,0.5113408199478324,-0.6386842598084438,-8.51706696606156,0.7078758868973216
800,4.25,1.509999997662252,0.6761796816867469,1.877996170716581,-7.990732190693505,0.6938285519854852
800,4.5,1.4900000000000002,0.5299643672725758,0.5162737802164058,-8.401764618821211,0.910996411008243
800,5.0,1.4900000000000002,0.5112045631795836,0.0908049811896267,-9.17031647139224,0.801779598424468
800,1.5,1.7599999985888437,0.0214503061602513,-0.1626157001035912,-8.27084380363846,0.10371693814109084
800,1.75,1.759990871904949,0.0924307397614774,-3.3561369108689935e-05,-5.173434829989419,0.25848054737035997
800,2.25,1.7400000000000002,0.5593328491727412,0.5231385947593934,-5.971406201630415,0.8175040897074497
800,2.5,1.7400000000000044,0.5413472723065623,0.4483007344315156,-6.166971592685167,0.9028211917316794
800,2.75,1.7599999999999998,0.5596773570516209,0.8004318663423778,-6.715602207423439,0.6676143716131997
800,3.0,1.759999999999966,0.5289990483046397,0.1640067715421028,-6.583241114660027,0.9747081561058833
800,3.25,1.75999999999799,0.5404840645475217,0.7100060650441025,-7.447717660722208,0.6880367195298184
800,3.5,1.758073865993916,0.4713578253292211,0.7015892623804955,-10.416645442332236,0.02644218458289105
800,3.75,1.7599999999999998,0.4790253528543177,0.3072673545919175,-8.83885803650617,0.37716008017726765
800,4.0,1.759999999999998,0.5119310094197063,0.6497637418651098,-8.531971613249713,0.7078758868973216
800,4.25,1.7599999993883997,0.6784644750446449,1.9030424084104924,-8.00259087137202,0.6938285519854852
800,4.5,1.7400000000000002,0.5331307925018901,0.5515904016884656,-8.416274377293751,0.910996411008243
800,5.0,1.740000000003225,0.5112085895380599,0.0942197489298642,-9.153574304638822,0.801779598424468
800,2.25,1.99,0.5622507687872426,0.544671489565678,-5.9791698963300455,0.8175040897074497
800,2.5,1.990000000000026,0.5426519916953718,0.4681546773079767,-6.180744161398577,0.9028211917316794
800,2.75,2.01,0.5607824703976564,0.8084376845849699,-6.726058529362806,0.6676143716131997
800,3.0,2.01,0.5346299442104967,0.197441721676074,-6.586183394224438,0.9747081561058833
800,3.25,2.01,0.5380119554628241,0.7077608572272588,-7.479611708273975,0.6880367195298184
800,3.5,2.00147789309705,0.4712926488370372,0.6975629527544209,-10.416016304869514,0.02644218458289105
800,4.0,2.01,0.512385472635474,0.65778754916577,-8.543842016430794,0.7078758868973216
800,4.25,2.009999998435985,0.679920147119571,1.919102959326053,-8.012831595969958,0.6938285519854852
800,4.5,1.99,0.535261694701868,0.5754548698969632,-8.42821351151311,0.910996411008243
800,5.0,2.00999976755698,0.5111895048854946,0.0948672489977692,-9.1392174706173,0.801779598424468
800,2.25,2.2400000000000007,0.5644640263330717,0.5600886693996341,-5.985487990180486,0.8175040897074497
800,2.5,2.2400000000000007,0.5434245795954121,0.4820551560046864,-6.192371179389393,0.9028211917316794
800,2.75,2.26,0.5614109450578421,0.8129038881445898,-6.735239609936159,0.6676143716131997
800,3.0,2.26,0.5379874757467279,0.2165532648367741,-6.5900477394494,0.9747081561058833
800,3.25,2.26,0.535419559193975,0.7014137731360028,-7.507605889012558,0.6880367195298184
800,3.5,2.250124166057001,0.4620726919904313,0.3952442174055468,-9.907456888691565,0.02644218458289105
800,4.0,2.259999999999789,0.5127487931574346,0.6639010049104068,-8.553530136691224,0.7078758868973216
800,4.25,2.2599999999932634,0.6809094508306825,1.9300807138194989,-8.02156229144248,0.6938285519854852
800,4.5,2.2400000000000007,0.5367729050387126,0.5924049823612799,-8.438103222694423,0.910996411008243
800,5.0,2.26,0.5111677015419452,0.0944738371612513,-9.128654694209812,0.801779598424468
800,2.25,2.4900000000000007,0.5662060200115732,0.571568215339926,-5.99070284977391,0.8175040897074497
800,2.5,2.4900000000000007,0.543926014503628,0.4922160236397355,-6.202112699459668,0.9028211917316794
800,2.75,2.51,0.5617492316254397,0.8153764142281731,-6.743358530849814,0.6676143716131997
800,3.0,2.51,0.540419071042145,-0.2301160599764328,-6.593807662550241,0.9747081561058833
800,3.25,2.51,0.532826986646466,0.6927497868399407,-7.532411048366947,0.6880367195298184
800,3.5,2.500422585744616,0.4620775754382547,0.3940523948919347,-9.90636960767833,0.02644218458289105
800,3.75,2.509979803673501,0.4621450902065513,-9.407398514780035e-06,-8.846473792114086,0.37716008017726765
800,4.0,2.5099999999949927,0.5130412519291994,0.6686667286020117,-8.56159477331918,0.7078758868973216
800,4.25,2.5099999925292984,0.6815997618723759,1.9378321044022804,-8.029081560175054,0.6938285519854852
800,4.5,2.4900000000000007,0.5378826091707685,0.6048711515137437,-8.446393709752408,0.910996411008243
800,5.0,2.5099999999529667,0.5111493194245174,0.0938226708300965,-9.120164412000848,0.801779598424468
