size,voltage,n,A,omega,log_tlorentz
600,1.00,1.509991139890147,0.06408795414481078,4.734879951213749e-05,-5.112579033695659
600,1.25,1.4942711834285844,0.05924424508576322,0.7429470147327433,-22.631259434060837
600,1.50,1.5099851412995806,0.050546841159879737,0.6664311930491155,-5.356866987359126
600,1.75,1.5099999999997304,0.7461440827057242,0.2727967015638288,-4.385223977809928
600,2.00,1.509999995167276,0.9913584641206101,0.7920574885250024,-4.361399419023509
600,2.25,1.5099999999999996,0.5271710303871077,0.6758239051534213,-6.562898351406281
600,2.50,1.490000000000002,0.4482792624235493,0.3101518356728177,-7.414554504061359
600,2.75,1.4900000000002291,0.4852441308453257,0.37785774406912126,-8.024464540160055
600,3.00,1.5099999999982603,0.4493304755535214,0.18550706640522863,-8.624818617237473
600,3.25,1.509999998706949,0.4089499705347946,0.23571643276028859,-9.043733148229181
600,3.75,1.5098155479048296,0.6172121688404841,7.653510758559618,-12.10458030293448
600,4.25,1.4906011203835634,0.4937609825656277,3.094598691262197,-30.971341822289013
600,5.00,1.4900000018496375,0.47590379506341157,0.823345785347763,-11.165145795000132
600,1.25,1.7455397014576934,0.059244245215304504,0.45209721260742797,-21.360565396890372
600,1.50,1.7599999961806057,0.050897426265651094,0.6776100334121078,-5.36575841187773
600,1.75,1.759999934733727,0.6293808149411517,0.29102628330906666,-4.509663923555587
600,2.00,1.7599999999970732,0.9621559173783484,0.8045727162477471,-4.42318824333952
600,2.25,1.7599999999934395,0.5294140038887155,0.698838302685324,-6.576070740240171
600,2.50,1.7400000000000009,0.4513440276972386,0.3467633397875213,-7.427358739479562
600,2.75,1.7400000000000002,0.4878045849396641,0.4088456195027498,-8.036622904014115
600,3.00,1.7599999999999996,0.45011774432584256,0.20758548163684337,-8.638549071322982
600,3.25,1.7563042075581148,0.4089943110509747,0.23694224242904205,-9.038851480002062
600,3.75,1.7596379954614247,0.6172136721830522,7.65457312929153,-12.126723556073829
600,5.00,1.7400000532161881,0.475970490890086,0.8247986099524414,-11.179593538840596
600,1.25,1.9967142409295113,0.059244245093182046,0.31720076601312824,-21.96125305643393
600,1.50,2.0099242874629786,0.05114313064505546,0.6840754948846449,-5.373488233987428
600,1.75,2.0099999999989637,0.5994375313007424,0.29958439606718246,-4.562089260794007
600,2.00,2.0099999996974236,0.9398350468226466,0.8137394908728663,-4.469809120640639
600,2.25,2.0099999999695313,0.5308745956664946,0.7140292968274029,-6.587123183904869
600,2.50,1.9900000000000013,0.453443288684035,0.3714848917011025,-7.437931409400161
600,2.75,1.990000000002706,0.48959526451117735,0.4302306848538558,-8.046712063560882
600,3.00,2.0099999999999993,0.450728620799737,0.22268427234974725,-8.649546700691644
600,3.25,2.009377951353652,0.40903744280728765,0.2377564241322341,-9.036197832616274
600,3.50,2.0044417623738338,0.42950249951576874,8.86832943571777e-05,-9.002509862521023
600,3.75,2.00939765121789,0.6172148168057903,7.655284032172771,-12.1435054520873
600,4.25,1.994276411345371,0.4933371618857003,2.9733936300425894,-30.536092768611937
600,5.00,1.9900001014978705,0.4760010732079978,0.8251370167508714,-11.190017932385397
600,1.25,2.247576481841067,0.05924424508488763,0.3764061226156241,-20.622353576855907
600,1.50,2.2599999999478726,0.051383795865660525,0.6882854511773911,-5.378339386674097
600,1.75,2.2599994159174868,0.5734260506803829,0.3061115909997002,-4.604680905145246
600,2.00,2.259999999999386,0.9225732050380262,0.8206356271674519,-4.505917376492748
600,2.25,2.2599999999999048,0.531875825693705,0.7245679194742327,-6.596414077320967
600,2.50,2.2400000000000007,0.454959895600789,0.3891456742884654,-7.446676174303405
600,2.75,2.240000000019896,0.49089114969071557,0.44561182769470997,-8.055184955475582
600,3.00,2.2599999999999993,0.451233253195752,0.2340130490380862,-8.658616085581981
600,3.25,2.249368316053047,0.41675975688878003,0.4140481151907905,-9.162449846207458
600,3.50,2.2510274809359596,0.42949835161284206,0.00010701402927172624,-8.990323256539751
600,3.75,2.2590427985240447,0.6172085871141962,7.655436326419635,-12.15669525109677
600,4.25,2.2458149206553086,0.4936769456108037,3.0700250560301363,-30.927406195750308
600,5.00,2.2400000641223916,0.47601368643977165,0.8249705778145725,-11.197916719521123
600,1.25,2.4985908551832265,0.059244245086053325,0.8906775977708274,-19.345489121206143
600,1.50,2.509989599241415,0.05153872477710181,0.6905141433971588,-5.383543236002026
600,1.75,2.5099999997900375,0.5450156004606805,0.31210040409227174,-4.644820322455069
600,2.00,2.5099999998909035,0.9089325619203674,0.825965430313111,-4.5346084531440916
600,2.25,2.5099999999997884,0.5325875960981701,0.7321603167429709,-6.604295437468506
600,2.50,2.4900000000000055,0.4560948662095616,0.40222620233442796,-7.4539843290382395
600,2.75,2.4900000000006175,0.4918558963126556,0.4570233541362772,-8.062380431997699
600,3.00,2.5099999999999993,0.4516959714238835,0.2434410786767699,-8.666278795323173
600,3.25,2.5091080329995994,0.409090655865037,0.23819720513386586,-9.03403914939434
600,3.75,2.5099169854526093,0.617247715595879,7.657669187769633,-12.167128213211818
600,4.25,2.4974439294762485,0.4935939374033512,3.0465907587062957,-30.848214636828448
600,5.00,2.490029477011007,0.4760361610584887,0.8254657496609922,-11.205987565637502
30000,1.25,1.5099980589277175,0.014486395758768684,0.5072838089721423,-4.590182500030034
30000,1.50,1.5099999999999998,1.7088710408021721,-0.00038274555053750966,-3.2872486054531507
30000,1.75,1.5099999999999998,0.21646902626190362,0.17205995127424945,-4.994534486785312
30000,2.00,1.5099999907151602,0.3437348964874069,0.0391766282623393,-5.490314681502345
30000,2.25,1.5099999999999998,0.45158230977284153,0.03525563360960352,-5.799770488746153
30000,2.50,1.5099999999999998,0.49905648057314267,-0.06281802406095419,-6.016699783661296
30000,2.75,1.5099999280491818,0.5104060785972754,3.881873136560678e-06,-6.232490290808193
30000,3.00,1.509999954527676,0.5191856764646515,-3.926205082737217e-06,-6.380578695384007
30000,3.50,1.4900000000000002,0.5244326738089357,0.05994324695316876,-6.638819432562844
30000,3.75,1.4900000000000027,0.5270018653238874,0.1009972207682875,-6.736609504579986
30000,4.00,1.4900000000000018,0.5305248091222128,0.1376398539307222,-6.837922349071181
30000,4.25,1.4900000000000002,0.542870234360146,0.18425455954344197,-6.94682540653931
30000,4.50,1.4900000000000093,0.5520465540418601,0.23574440572682093,-7.0105562799008885
30000,4.75,1.4900000000000002,0.5514498317162875,0.2452326630932184,-7.097322083896771
30000,5.00,1.5099999999281333,0.6033229025378819,0.6539290158002412,-7.299553706858911
30000,1.00,1.7597836339241106,0.001969340553871963,-1.5456056289880583e-05,-6.983848286595908
30000,1.25,1.7599968282885858,0.013604494000592616,0.4877213609152264,-4.69487000867161
30000,1.50,1.7599999999999998,1.548430180100948,-0.0004660329442349137,-3.5664229375756205
30000,1.75,1.7599999999999998,0.2135668034378041,0.21468687622973445,-5.014805984018916
30000,2.00,1.7599999999999993,0.3431806438242259,-0.07033548120004678,-5.506306400011051
30000,2.25,1.7599999999999998,0.4529209341056224,0.07272983489884013,-5.814427518020145
30000,2.50,1.7472878772807072,0.5017724791560294,-0.10174629867205762,-6.025113021851898
30000,2.75,1.7400000000000022,0.5101345698676474,0.05305635071428457,-6.239788668879492
30000,3.00,1.7400000000011804,0.5203622151547966,0.0639934790359867,-6.390901915829
30000,3.25,1.7400000000000004,0.5240453239101633,0.07839661462669209,-6.518543474258752
30000,3.50,1.7400000000000033,0.5281008125359543,0.11150052144451986,-6.648742346457353
30000,3.75,1.7400000000000018,0.5307382845126757,0.14191000634235892,-6.747758087732194
30000,4.00,1.7400000000002465,0.5340552269649563,0.17297260270884188,-6.8490432929228415
30000,4.25,1.7400000000000002,0.549801922565168,0.2226221477888655,-6.952074238240346
30000,4.50,1.7400000000000875,0.5581692589358842,0.27113878922884976,-7.01638656360531
30000,4.75,1.74000000000001,0.55744176540602,0.28178603856598156,-7.103100239175861
30000,5.00,1.759999999145647,0.6071014923939687,0.6829754254472464,-7.309793497411055
30000,1.00,2.0097117245587275,0.0019853518229343533,2.2871251719476845e-05,-6.958188294910743
30000,1.25,2.0099912329182024,0.012876800548968132,0.47223955271948487,-4.774153433363827
30000,1.50,2.0099999999999993,1.3302255442969433,-0.0003414392338765322,-3.785226866279767
30000,1.75,2.0099999999999993,0.2051649102026229,0.23395303100567938,-5.050022020474947
30000,2.00,1.9900000000000002,0.34461426164003855,-0.09161293603133201,-5.51553770020705
30000,2.25,2.0099999999999927,0.45551924181942155,-0.09781550878791004,-5.824647255986497
30000,2.50,1.9900000000000024,0.5054216959142019,-0.1299059362474776,-6.031180177244245
30000,2.75,1.9900000001621845,0.5122897802250894,0.08939075371666608,-6.2473452561434
30000,3.00,1.99000000000149,0.5227098882913661,0.09595937277512073,-6.399200066341412
30000,3.25,1.9900000000002656,0.5267590134582373,0.10876378196545451,-6.527242600608233
30000,3.50,1.990000000000013,0.531113574559485,-0.14210000595983807,-6.657040815715908
30000,3.75,1.990000000000017,0.5337924844018108,0.16866490900180736,-6.756819453514611
30000,4.00,1.9900000000000002,0.5370362165968238,0.19763078992778196,-6.857905481080221
30000,4.25,1.990000000000002,0.554285142963086,0.24752338442785468,-6.958083560725464
30000,4.50,1.9900000000001288,0.5622943013428753,0.2949197024770473,-7.0223826516991
30000,4.75,1.9900000000000002,0.5614810099205928,0.3063905387139896,-7.109013980420421
30000,5.00,2.009999999158815,0.6095900821060872,0.7022784727721478,-7.318859802435811
30000,1.25,2.259999513080802,0.012263379396144972,0.45890232759145716,-4.837210234594656
30000,1.50,2.2599999999999993,1.1687988634115913,0.0003502151736571351,-3.9496201237747437
30000,1.75,2.2599999999999993,0.19893427151324328,0.24593975228847104,-5.077731557687122
30000,2.00,2.2400000000000007,0.3469171065929613,0.11097781238350607,-5.522568254719755
30000,2.25,2.2400000000000024,0.45820254761184304,-0.11627256477715943,-5.831734336560111
30000,2.50,2.2400000000000007,0.5086671382811725,-0.15089686990618703,-6.036456460656229
30000,2.75,2.240000000001218,0.5143516807191109,0.11156511582518946,-6.252990029437626
30000,3.00,2.2400000000000113,0.5246769796586812,0.11616763652763991,-6.405574073543432
30000,3.25,2.2400000000000038,0.5290079168785121,0.12930414545003577,-6.5344949610086145
30000,3.50,2.2400000000000007,0.5338232930717874,-0.1640051900450267,-6.663528894017036
30000,3.75,2.2400000000000007,0.5364862931272821,0.1887546750514545,-6.763957663494615
30000,4.00,2.2400000000000007,0.5394002032982417,0.2154975478901765,-6.865406696472907
30000,4.25,2.240000000000012,0.5574626671292827,0.2651931291503941,-6.963795814110082
30000,4.50,2.2400000000000904,0.5652052460919526,0.3117060255438772,-7.028043893928775
30000,4.75,2.2400000000000007,0.5643276208495577,0.3237579650413365,-7.114593541020742
30000,5.00,2.259999999767217,0.6113123247527694,0.7157427409809828,-7.326740359010834
30000,1.25,2.5099970529351134,0.011739689277609724,0.44643534364444176,-4.889173104915684
30000,1.50,2.5099999999999993,1.0073458687483134,-0.0002861721560233751,-4.0834205769721725
30000,1.75,2.5099999999999993,0.19502211715624138,0.2554379249293747,-5.0972470487926
30000,2.00,2.4900000000000007,0.34889301525858424,0.12610429471944565,-5.528711842181105
30000,2.25,2.4900000000000007,0.460680078272311,-0.13190432779565306,-5.838391877634896
30000,2.50,2.490000000000001,0.5112226040312381,0.16673681203854243,-6.041191726300606
30000,2.75,2.490000000000041,0.5162784631558773,-0.1272463430468529,-6.257500297998411
30000,3.00,2.4900000000000007,0.5264443573827784,0.13094548028206646,-6.410800313401822
30000,3.25,2.4900000000000393,0.5309926622847698,-0.14476713159319282,-6.540540179006473
30000,3.50,2.4900000000000007,0.536101735865934,-0.18003051016803384,-6.668911764016471
30000,3.75,2.4900000000000024,0.5386806872088233,0.2039464125677975,-6.770052801525113
30000,4.00,2.4900000000000007,0.5411803182978348,0.22857543563161084,-6.8720145788311315
30000,4.25,2.490000000000051,0.559815609311496,0.2782836378798476,-6.969007996765788
30000,4.50,2.490000000000031,0.5673364631632577,0.32401092792478103,-7.033221325651711
30000,4.75,2.4900000000000007,0.5664066296277519,0.3364727422104687,-7.119697526444613
30000,5.00,2.5099999999999048,0.6125520915156735,0.7254990197160037,-7.333567619651991
20000,1.25,1.5057745097530173,0.045040553773996704,1.6204058534778438,-2.4580013156347813
20000,1.50,1.508253522923257,0.015055339923134563,0.4369197478503019,-5.410416733784599
20000,1.75,1.5099956425133856,0.17549632605510343,2.721297810170885e-06,-5.264507399378682
20000,2.00,1.5099999999999998,0.4308599838141803,0.24872379537859085,-5.498925408759007
20000,2.25,1.5099999999999998,0.47242832243967203,-0.15549003506092418,-6.028294511654058
20000,2.50,1.5099999999999958,0.4955338848555471,0.13580899029481008,-6.380103625920429
20000,2.75,1.5099999999999991,0.5107491745051609,-0.1584721413271267,-6.575969561856018
20000,3.00,1.5099999999985396,0.5389063951724653,0.31729677852157834,-6.81558056822161
20000,3.25,1.4900000000000002,0.5261267901579729,0.25574146796921954,-7.011789476483816
20000,3.50,1.4900000000000002,0.5290913059914061,0.31315765141578517,-7.241207245517662
20000,3.75,1.4900000000000002,0.5198720388717171,0.29153322048378444,-7.421790747815647
20000,4.00,1.4900000000000002,0.5154602524141793,-0.2480844213246411,-7.63369558981954
20000,4.25,1.5099999999999998,0.5062048092935084,0.1604344297819834,-7.793094815268007
20000,4.50,1.5099999999999998,0.5077817206712494,0.1590793847363003,-7.960312390011422
20000,4.75,1.5099999999999185,0.5066506611187802,-0.1391900391961312,-8.006656594998782
20000,5.00,1.5099999999999307,0.5100220037037035,-0.17731504515843793,-8.047760397075717
20000,1.25,1.7577151003794051,0.04429241525415852,1.6271465239899303,-2.5278167251902586
20000,1.50,1.7400000000000244,0.014864977038723545,0.45787591546180373,-5.443632821404968
20000,1.75,1.7599999999999998,0.18472552606793952,0.09350600604768672,-5.247658329365154
20000,2.00,1.7599999999999998,0.4363622272600273,0.2869186549367555,-5.5052764845204285
20000,2.25,1.7599999999999996,0.47892935779387186,0.194483594969434,-6.033611072553384
20000,2.50,1.7599999999999774,0.5015255051754797,0.17970131611739484,-6.386111943207894
20000,2.75,1.7599999999999973,0.5150439988488925,-0.1935308505358193,-6.586479127733722
20000,3.00,1.7599999999966014,0.5425257301225669,0.34628072514166985,-6.826152074199537
20000,3.25,1.7400000000000002,0.5303689509854237,0.2901545206172658,-7.020565849519813
20000,3.50,1.7400000000000002,0.532999726682525,0.34863373789076324,-7.251092632507597
20000,3.75,1.7400000000000002,0.5231679999970424,0.3263320029473191,-7.435172284166223
20000,4.00,1.740000000000008,0.517803263342679,-0.2802139619505514,-7.651258661787083
20000,4.25,1.7599999999999998,0.508051976520879,0.1870125722549633,-7.810664065526165
20000,4.50,1.7599999999986098,0.5091639528724206,0.18319209189327765,-7.976763663206561
20000,4.75,1.7599999999999998,0.5076708664869182,0.16327443212318357,-8.023305374254795
20000,5.00,1.759999999999737,0.5121338194506005,0.20420975336012526,-8.060064460329947
20000,1.25,1.9938264775071823,0.04378615751545481,1.6324342227935817,-2.5741613711336413
20000,1.50,1.9900000000035285,0.014708931813217283,0.47360715935649905,-5.472106244466089
20000,1.75,2.009999999999996,0.18615405977742572,0.12133280241759357,-5.252020612537769
20000,2.00,2.009999999999979,0.4384711002173118,0.30926447326975,-5.51531400875743
20000,2.25,2.009999999999998,0.48260212113520207,0.21799931800382732,-6.0405585896523295
20000,2.50,2.009999999999856,0.5053745033711398,-0.20585710267838148,-6.3920188303181185
20000,2.75,2.0099999999999993,0.5180571325374194,-0.2164033643259804,-6.59563900588025
20000,3.00,2.00999999999856,0.544950418355981,0.3657843721418706,-6.835468563850567
20000,3.25,1.9900000000000002,0.5332648400140642,0.31333007274617813,-7.0284178940355
20000,3.50,1.9900000000000002,0.5356466777428103,0.37259939912282924,-7.259707610893972
20000,3.75,1.9900000000000289,0.5254018199915185,0.3498354124857009,-7.446437210557692
20000,4.00,1.9900000000000002,0.5196650988908933,-0.3030640225401505,-7.664899410673176
20000,4.25,2.0099999999999993,0.5097947215270331,0.20673701567953914,-7.823796176085531
20000,4.50,2.0099999999999993,0.5103060466142656,0.20012675761818804,-7.989626082126433
20000,4.75,2.0099999999999767,0.5085093787923414,0.17957949996587255,-8.03614372918576
20000,5.00,2.0099999999999985,0.5140363026819171,0.22438458695919353,-8.069475748416094
20000,1.25,2.256370788197494,0.043407552825620616,1.6365747959211254,-2.610789068383655
20000,1.50,2.2400000000000007,0.014536807552471994,0.4831662727325495,-5.499682079174415
20000,1.75,2.2400000001055638,0.18716280926414539,-0.13926911977550646,-5.2557094779965805
20000,2.00,2.2599999999998075,0.43930368540613157,0.3236184005673431,-5.525356367332464
20000,2.25,2.2599999999999993,0.4849080862459586,0.23366912345792398,-6.047387272943557
20000,2.50,2.2599999999999993,0.5079076189978838,-0.22314629227416977,-6.397716806464804
20000,2.75,2.2599999999999993,0.5202361664127594,-0.23263768651060418,-6.60361377036136
20000,3.00,2.2599999999999993,0.5466511153499487,0.3795491595273068,-6.843568239416424
20000,3.25,2.2400000000000007,0.5353282166232667,0.3297742562295312,-7.035314760511005
20000,3.50,2.2400000000000007,0.5375211541843352,0.38956300151995654,-7.267135079928725
20000,3.75,2.2400000000000007,0.5269750270011607,0.36647655808214463,-7.455922872925676
20000,4.00,2.2400000000000007,0.521078774106771,-0.3197202833354531,-7.675923509731093
20000,4.25,2.2599999999999993,0.5113360913717939,0.22199872409953672,-7.834039126691528
20000,4.50,2.2599999999999034,0.5112656832824729,0.2126554412796568,-7.999878952010427
20000,4.75,2.2599999999999993,0.5092199049759105,0.19135063474955083,-8.046202850393241
20000,5.00,2.2599999999999993,0.5157047758533434,0.24010318328085026,-8.076966797413338
20000,1.25,2.5086726874050678,0.04320256765129349,1.6384572222758775,-2.635306889388075
20000,1.50,2.4900000000000007,0.014340301977562593,0.4878808257910097,-5.527938462131669
20000,1.75,2.490000000000003,0.18828208771718546,-0.15447171377145485,-5.258718112443786
20000,2.00,2.5099999999998603,0.439790234720793,0.3339092819232323,-5.534063561348686
20000,2.25,2.5099999999999936,0.48646805452014535,0.24478969444905666,-6.053629484297545
20000,2.50,2.509999999999744,0.5097911810381296,-0.2359237921289653,-6.402886612737963
20000,2.75,2.5099999999999993,0.521808196672176,0.24443589832100265,-6.610619128031154
20000,3.00,2.5099999999999993,0.5478881752257792,0.38962813317351963,-6.850599518502326
20000,3.25,2.4900000000000007,0.536851499764484,0.3418890825796492,-7.041349459135067
20000,3.50,2.4900000000000007,0.538896258991834,0.4020004806779502,-7.273544554309889
20000,3.75,2.490000000000167,0.5281242308020605,0.37869888585115624,-7.4639489620277235
20000,4.00,2.4900000000000007,0.5221534115732372,-0.3321952235833577,-7.685034154795677
20000,4.25,2.5099999999999993,0.5126364093135215,0.23399034462074778,-7.842366463327918
20000,4.50,2.509999999999997,0.512065664644482,0.22220443587416697,-8.008242341315052
20000,4.75,2.509999999999986,0.5098435166411447,0.20033725083100246,-8.054249151557215
20000,5.00,2.5099999999996796,0.5171023856083758,0.2524075310066048,-8.08318968845505
1000,1.00,1.4999999999751863,1.202711541470336e-10,0.09999999921301053,-7.000000000126225
1000,1.50,1.509999979466252,1.5786381508665157,1.331493189559269,4.063243171713722
1000,1.75,1.5099999999999998,0.27610280389115216,0.29316515801477744,-4.917693439339474
1000,2.00,1.4900000000000002,0.4031767159473769,0.3414625117524939,-5.757829245693487
1000,2.25,1.490000000000011,0.4781358888036786,0.36994321028152993,-6.51628807379858
1000,2.50,1.5099999999960145,0.4831097159774493,-0.2552432720615263,-7.330839659152341
1000,2.75,1.5099999999999998,0.49876796955263497,0.27176512681629,-8.002574159459023
1000,3.00,1.5099999999999996,0.508428561668758,0.2534181437547659,-8.313204379027894
1000,3.25,1.5099999999999998,0.49969517858060053,-0.17170457585373913,-8.574483273677657
1000,3.50,1.5099999999999998,0.5092503630330778,-0.1645161507050681,-8.791232138502782
1000,3.75,1.5099999999999998,0.5056912215002585,-0.14885115156488132,-8.914416188404168
1000,4.00,1.5099999999999998,0.5165175444773449,0.20936605507818049,-9.141360938283155
1000,4.25,1.4900000000003735,0.5045889294506354,0.08095562467617098,-9.162402769797092
1000,4.50,1.5099999942326239,0.5114777968673041,0.0496867091787734,-9.22436026000619
1000,4.75,1.5017686028777126,0.5708946409434131,3.999635386745155,-16.389725289006208
1000,1.00,1.7499999999661828,-4.9730303208761484e-11,0.09999999781444292,-7.000000000820751
1000,1.50,1.7599999923376504,1.6204091810073367,1.3509662674829237,4.245416301372786
1000,1.75,1.7599999999999998,0.26494513134608294,0.33234398707857027,-4.960098103812158
1000,2.00,1.7400000000000002,0.40361201132709307,0.36958960591740714,-5.77818392069431
1000,2.25,1.7400000000000002,0.48044775869968653,0.3979236303439936,-6.531924839874337
1000,2.50,1.7400000000025386,0.485274641185315,-0.28346764128526936,-7.344825446908588
1000,2.75,1.7599999999999998,0.5001988445758538,0.2942369043688384,-8.017830654358445
1000,3.00,1.7599999999999973,0.5101129135493834,0.2816451313846663,-8.326292186375138
1000,3.25,1.7599999999999998,0.5006530063460222,-0.19523443191199982,-8.588016592694068
1000,3.50,1.759999999999998,0.5101423344255025,0.18615335223760554,-8.801277525218003
1000,3.75,1.7599999999999998,0.5059287678208194,-0.15834626838035784,-8.917173260140759
1000,4.00,1.7599999999999998,0.5165576636220901,-0.20980748927218618,-9.132451315426293
1000,4.25,1.7400000000024345,0.5045935417338817,-0.08531230783059864,-9.14535897377581
1000,4.50,1.7400000000046574,0.511471618663148,0.052806030437583265,-9.19873516337151
1000,4.75,1.7512271720777755,0.5709041046304358,3.999589076844011,-16.40910393118688
1000,1.00,2.000000000002891,-3.672528947618048e-11,0.0999999990631859,-7.00000000134217
1000,1.25,1.9957681307812636,0.023792482597915464,0.041943206219870535,-12.168815596561284
1000,1.50,2.0099999465533407,1.644199919511878,1.3620382603829673,4.344299052616982
1000,1.75,2.0099999999999993,0.25836086104621775,0.3600189240528171,-4.989082307129004
1000,2.00,1.9900000000000002,0.40343513732466396,0.38815983852477876,-5.795765649543176
1000,2.25,1.9900000000000002,0.48195706338492966,0.41670681148864175,-6.544815054856538
1000,2.50,1.9900000000000002,0.48705009999237925,-0.30544300926136686,-7.357144605617324
1000,2.75,2.0099999999999993,0.5013950883020449,0.3109930498519156,-8.029700571543199
1000,3.00,2.0099999999999145,0.5114058622889941,0.30160399196021415,-8.337159215427825
1000,3.25,2.0099999999999993,0.5013978384340751,-0.21143482193644625,-8.599352032127163
1000,3.50,1.9900000096934922,0.510828347964556,-0.2007211941755699,-8.809449737728453
1000,3.75,2.0099999999999993,0.5061430518292351,0.1654075190580284,-8.920637592486903
1000,4.00,2.0099999999999976,0.51657828627111,0.20955007180732416,-9.126425538271505
1000,4.25,1.990000000000002,0.5045784615502938,0.08633263137892008,-9.131399278998964
1000,4.50,1.990000000123881,0.511458552635424,0.05307735637664652,-9.175917345906605
1000,4.75,2.001725890308937,0.5709035898175456,3.9989421535824183,-16.423500842456647
1000,1.00,2.25000000000493,5.378678058498565e-11,0.10000000065967175,-6.999999999700692
1000,1.25,2.244777324430613,0.023792482727990737,0.08388436250222914,-12.645572232862962
1000,1.50,2.2599999973429057,1.6565745705817168,1.3677892869200523,4.3906607674017435
1000,1.75,2.2599999999999993,0.2530849135141256,0.37506317610396744,-5.014060248967721
1000,2.00,2.2400000000000007,0.4029804680256659,0.40092941041145436,-5.8108580964124075
1000,2.25,2.240000000000072,0.48300182010707615,0.42995934150580045,-6.555473133004514
1000,2.50,2.2400000000000015,0.4883344072623498,-0.32123968100222366,-7.367345627023036
1000,2.75,2.259999999999965,0.5024190925672959,0.32415610364271114,-8.039184974801582
1000,3.00,2.2599999999999993,0.5123904011139983,-0.3160763208095197,-8.346277516282742
1000,3.25,2.2400000000000033,0.5019666416851324,0.2227347832289637,-8.608215119321098
1000,3.50,2.2400000000000104,0.5114058418672985,-0.21232340530145333,-8.817273493431324
1000,3.75,2.2599999999999993,0.5063285880160779,-0.17084100700018526,-8.924306857969716
1000,4.00,2.259999999999998,0.5165876170006066,0.20899282554690243,-9.12220960533196
1000,4.25,2.2400000000000007,0.5045565416328923,0.08603994526174093,-9.119977196060292
1000,4.50,2.240000000015447,0.5114474577101545,0.05263417183522104,-9.157841509008422
1000,4.75,2.252235369963683,0.5708956377867238,3.9978014307738126,-16.43430029756673
1000,1.00,2.5000000000021725,-9.631814790189708e-11,0.09999999795821067,-7.000000000994787
1000,1.50,2.509996915491576,1.6596913995760088,1.369126973798105,4.393176792761606
1000,1.75,2.5099999999999993,0.24920190904908893,0.385219612977715,-5.033792869265521
1000,2.00,2.4900000000000007,0.40242737424621217,0.41002951469568955,-5.823777713877724
1000,2.25,2.4900000000000007,0.4837561648799315,0.43966913673486846,-6.5643747522864375
1000,2.50,2.4900000000000615,0.4892782772344089,-0.33291324986142135,-7.375910688032921
1000,2.75,2.50999999999977,0.503281032629437,0.3346579627166776,-8.04698151472938
1000,3.00,2.509999999999834,0.5131575926914324,0.3269272824064357,-8.354001782307813
1000,3.25,2.490000000001063,0.5025008703103576,0.23254885096670375,-8.616439679650671
1000,3.50,2.4900000000000038,0.5118485410313224,0.22098772335317712,-8.824169813549494
1000,3.75,2.5099999999999962,0.5064837077965071,0.17504891370607165,-8.927886068424588
1000,4.00,2.5099999998707796,0.516590187475744,0.2083216029076134,-9.11919838871638
1000,4.25,2.509999994429637,0.5045320297332792,-0.08516769815951464,-9.109907411960517
1000,4.50,2.490000000000014,0.5114397991747641,0.05214792313841682,-9.143506316831598
1000,4.75,2.5025795771317036,0.570879837627374,3.996062091990948,-16.44225347806892
500,1.00,1.5099976168732099,0.1711635697014498,0.882669858681062,-5.072312862513338
500,1.50,1.4900374610827003,0.04803503652735752,-8.644218072047153e-05,-6.83738170416494
500,1.75,1.5098139915953965,0.25344709276542526,0.7135753876089753,-4.320742991970575
500,2.00,1.4900000000003102,0.30306742698553074,0.24973934156679828,-5.667523625603408
500,2.25,1.5099999999999998,0.38506138653193955,0.5012283896415838,-6.546139367515645
500,2.50,1.5099999999999998,0.46204891459053593,0.8579465492401968,-7.1522592617403316
500,2.75,1.509999999993356,0.4507762549779259,0.47042488272350236,-7.872659857905365
500,3.00,1.5099999999999998,0.4447716927288649,0.3390847053287571,-8.573384737733306
500,3.25,1.5099999999957023,0.5584820221675362,1.8409609056132976,-8.803923213892764
500,3.50,1.5099999999999998,0.5220128071043592,1.140313761601115,-9.711882006802355
500,3.75,1.5060712148633106,3.1664617189482898,11.019670134021386,12.434001889084309
500,4.25,1.4900000000000004,0.5075104887960813,0.6697870926201925,-9.821144716532391
500,4.75,1.4900000755178973,0.5067001743532945,0.5335168473806509,-9.754908614633676
500,5.00,1.509999981663556,0.4973933434809317,0.6006493511614514,-10.600305513551588
500,1.00,1.7599988940778069,0.16529379725144414,0.860521916173789,-5.1555816943882435
500,1.50,1.7400000000000002,0.042509291429131284,-0.1463192740525073,-7.431499468426987
500,1.75,1.7599828141810065,0.2490218872137396,0.7204022830011665,-4.373705062186028
500,2.00,1.7400000000000002,0.30327157851283804,0.275726716096816,-5.689816584971487
500,2.25,1.7599999999999998,0.38648453984873316,0.5216958828194076,-6.560718209055344
500,2.50,1.7599999999999998,0.4613226310490237,0.8654328675154435,-7.179758433665851
500,2.75,1.7599999712498915,0.4527390311127127,-0.49826727019591405,-7.8879903967055585
500,3.00,1.7599999999999998,0.44502757653480157,0.3479511910166264,-8.585921150727494
500,3.25,1.759999999997492,0.5588424846580367,1.849914509504566,-8.82249376391609
500,3.50,1.7599999999482343,0.5220738209820188,1.139792230981538,-9.721529334670166
500,3.75,1.7561943997394263,3.1650965229231667,11.021462563171148,12.403894989976884
500,4.25,1.7400000000001992,0.5074424450937552,0.6655456465905829,-9.820973903531605
500,4.75,1.740000000070999,0.5066508809695931,0.5292745113932531,-9.75036411046204
500,5.00,1.7599999999997908,0.49738053800968746,0.5983499110208492,-10.603030377907103
500,1.00,2.0099771046454906,0.16152032596702,0.839952495957404,-5.212675518323713
500,1.50,1.9900000000000295,0.0424176290982819,0.15520119363262125,-7.4495900976061105
500,1.75,2.009960760256375,0.2454438823047262,0.7254009181042983,-4.413464356676149
500,2.00,1.9900000000000002,0.3032027862962025,0.2927682360145624,-5.708141349389652
500,2.25,2.0099999999999993,0.3873776526666179,0.5351318813415233,-6.572941628341309
500,2.50,2.0099999999999993,0.4607377418837031,0.8697539686681393,-7.200735759181924
500,2.75,1.9900000001446836,0.4539958017027288,-0.5161668017294687,-7.899553688271005
500,3.00,2.0099999999999993,0.44519078114272004,-0.3538838028475935,-8.596564478309611
500,3.25,2.009999999648958,0.5590791830970216,1.8558514341224783,-8.836978525251638
500,3.50,2.0099999871359175,0.5221135668323785,1.1393894521487613,-9.729908312707163
500,3.75,2.0054715849030815,3.1650059872471967,11.02133880928337,12.38446587928291
500,4.00,2.0080757737643697,3.0858898348642634,22.3901905450985,30.945250227635082
500,4.25,1.9900000000000015,0.5073640653919916,0.6618657626468767,-9.821711037842178
500,4.50,1.9992024543925844,0.4673459471208412,0.6393626555332954,-16.37735695080679
500,4.75,1.9900000000187157,0.5066373878139537,0.5268387481860889,-9.749704757133387
500,5.00,2.0099999999999913,0.49733253797662574,0.5954222010253756,-10.603801199538312
500,1.00,2.259947431908538,0.15895397443554088,0.8222650104531205,-5.253522031448956
500,1.50,2.2400000000000015,0.04247483414033329,0.1704897752942588,-7.459214255016867
500,1.75,2.259912953218165,0.24300926651572022,0.7287543214155613,-4.44264790144438
500,2.00,2.2400000000000007,0.303060738939675,0.3046546284303947,-5.7231093300710585
500,2.25,2.2599999999999945,0.387965170309966,0.5443955726913426,-6.583216682351754
500,2.50,2.2599999999999993,0.4602729472169975,0.8724156137672784,-7.217173375868115
500,2.75,2.2400000000353733,0.4549851622999795,0.5303243650373691,-7.909997375178976
500,3.00,2.2599999999999993,0.4452977544464218,0.35802592706827274,-8.605595523171747
500,3.25,2.2599999158122928,0.559246440176415,1.8600501812968961,-8.848569044998158
500,3.50,2.2599999997775106,0.5221404652494875,1.139068127700554,-9.737138378961811
500,3.75,2.2550062987129014,3.1627797329915466,11.024723437550723,12.362781509031517
500,4.25,2.240000000006132,0.5072826805021746,0.6586216024794275,-9.822736818914347
500,4.50,2.2493389213614012,0.4673459351455329,-0.5690939671036094,-17.59016110250764
500,4.75,2.240000000000068,0.5066344401798831,0.5252565951219751,-9.750732821192587
500,5.00,2.25999999832296,0.49731150430029064,0.5938405757209281,-10.606823112154736
500,1.00,2.5099715962625493,0.15708438710973452,0.8073725615431412,-5.284269496906113
500,1.50,2.490000000009632,0.043947404076055734,0.31121257584993656,-7.456350341181472
500,1.75,2.5098270293451193,0.2413537422670576,0.7310104778494003,-4.4646246124217015
500,2.00,2.490000000000001,0.30290402232589964,0.31331114917859726,-5.735452355163566
500,2.25,2.5099999999999913,0.38836646676201714,0.551034405472902,-6.5919167518849315
500,2.50,2.5099999999999993,0.45990095534331654,0.8741323630460042,-7.230361576150288
500,2.75,2.490000000063358,0.4557153552804562,0.54082085088614,-7.918717479243839
500,3.00,2.5099999999999993,0.445376790967224,0.36111576800328443,-8.613314438753914
500,3.25,2.5099999999999993,0.5593665073626819,1.8630907772410437,-8.858052674715495
500,3.50,2.5099999013507017,0.5221597860339534,1.138819904995006,-9.74339941355488
500,3.75,2.5045194575857384,3.1624004591729653,11.025257887215052,12.349847951588998
500,4.00,2.506305410251127,3.082118098508768,22.402204741587802,30.894559829797064
500,4.25,2.490000000000482,0.5072501210301136,0.6568848404024303,-9.825187271861505
500,4.75,2.490000000000001,0.5066317378090517,0.5240789808448838,-9.752414150502219
500,5.00,2.5099999971208726,0.497263631630287,0.5915267889341792,-10.607411924465652
10000,1.00,1.5008268908478866,0.4724152635935911,6.839512640587572,5.121346203362133
10000,1.25,1.5004378129238256,0.004813322802201098,-0.5657185527113869,-17.509195846654727
10000,1.75,1.509999938923286,0.2038634920841269,0.03331214702471274,-5.1439103987632615
10000,2.00,1.4900000000000002,0.44799042722644217,0.2612484028578957,-5.570547135030449
10000,2.25,1.5099999999405223,0.48444076779802114,-0.18867349614472023,-6.323026788675157
10000,2.50,1.5099999999999998,0.5070730380217396,0.1632224516287248,-6.678781149575493
10000,2.75,1.5099999999999998,0.5577913300988636,0.3694563981566821,-7.009105533499363
10000,3.00,1.5099999999999871,0.518635860487248,0.11052866949820886,-7.373695546677721
10000,3.25,1.5099999999999998,0.5245397603828806,0.17785344468852912,-7.720341627258927
10000,3.50,1.5099999999999967,0.523081087785613,0.09543759399224368,-7.873969568806814
10000,3.75,1.5099999999949583,0.5261594726294512,0.09391409950319475,-8.017479144728355
10000,4.75,1.4900002644021495,0.5252704518882235,-4.9593796860999614e-06,-8.559024366690668
10000,5.00,1.4900000000000002,0.5265691778173078,-0.024887260102924278,-8.639235193724167
10000,1.00,1.749888970218341,0.4726967087580231,6.835918116889004,5.095932042392486
10000,1.25,1.750489868430618,0.0048146546663835315,-0.8820118794511428,-17.138383452537326
10000,1.75,1.7599999999956375,0.1915838490393413,0.06310293267695288,-5.186621142279946
10000,2.00,1.7400000000000002,0.451881685793316,0.2942633136700688,-5.58062977047721
10000,2.25,1.7400000000000098,0.4884475828873233,-0.2203746759643576,-6.3309784025363225
10000,2.50,1.743092221186821,0.5091846155347485,0.1885038676893118,-6.694464738962417
10000,2.75,1.7599999999999998,0.560910659558551,0.3935265257014938,-7.019411035935796
10000,3.00,1.7599999999999572,0.5197275764790869,0.1420117713855709,-7.388549661149458
10000,3.25,1.7599999999964624,0.5259943624339539,-0.20522342556176437,-7.73955681156194
10000,3.50,1.7599999999999998,0.524735196954467,0.1291328489680061,-7.888029383857359
10000,3.75,1.7400000000000078,0.5276962914502404,0.1292329508539424,-8.026937931357125
10000,4.00,1.7400000000000015,0.5264223545785959,0.061448848063309906,-8.099211814975918
10000,4.50,1.7400000000000002,0.5270736483127685,-0.05072940409880888,-8.416803202148566
10000,4.75,1.740000000000371,0.5265429071629172,-0.07106168351772506,-8.569802414159778
10000,5.00,1.7400000000000002,0.5280314547999034,-0.07932430003342708,-8.649512813600241
10000,1.00,1.999121542670368,0.4718003587648283,6.84225171571914,5.0654365190422395
10000,1.25,2.0003376265121178,0.004813322754821169,0.612541942121089,-16.62382224781638
10000,1.75,1.990000000000506,0.18709269989373178,0.08178234136283112,-5.206598412390282
10000,2.00,1.9900000000000002,0.4548164916383487,0.3172499970802656,-5.588766605345347
10000,2.25,1.9900000000000162,0.49146329236728675,-0.24410560224458602,-6.338906916052836
10000,2.50,1.9900000000000002,0.5113137001208478,0.20881042720201146,-6.706850327794575
10000,2.75,2.009999999999999,0.5628963660765959,0.4088918022501317,-7.028518974267413
10000,3.00,2.009999999999949,0.5207485897688442,-0.1628960439137072,-7.400389358089665
10000,3.25,1.9900000000000018,0.5270928391684101,-0.2232152735335327,-7.753545575950569
10000,3.50,2.0099999999999993,0.5258830878739065,0.14991180983824148,-7.900313116419298
10000,3.75,1.9900000000000253,0.5289855922150686,0.15312352511367608,-8.035740966464271
10000,4.00,1.9900000000000289,0.527480245208146,0.09722455010705003,-8.106512598736872
10000,4.25,1.9900000000000002,0.5265814482516631,0.05942828129345901,-8.32042783291467
10000,4.50,1.9900000000000002,0.5283625544228764,-0.08489750487525467,-8.425727965270884
10000,4.75,1.990000000000002,0.5274492278644926,0.09497977913676381,-8.579049639436933
10000,5.00,1.9900000000000002,0.5289676876957833,-0.101627490047067,-8.657999520057416
10000,1.00,2.249679884082251,0.4717800081568269,6.842487931662953,5.050325087342682
10000,1.25,2.2497846091102436,0.004813323020791372,0.5117422071756557,-16.90894599867551
10000,1.75,2.2400000000000007,0.18557688621775612,0.09944634561012247,-5.218113892265633
10000,2.00,2.240000000000183,0.4571106047174974,0.3339717102807451,-5.595365731125245
10000,2.25,2.240000000000001,0.49353373653549304,-0.2606994765185395,-6.346044539353143
10000,2.50,2.2400000000000007,0.5131178928960973,0.22442195104313023,-6.716702728092532
10000,2.75,2.2599999999999962,0.5642134488958134,0.41915549935417284,-7.036467743182992
10000,3.00,2.259999999999998,0.5216071451176855,-0.17770925125086987,-7.410006780162312
10000,3.25,2.2400000000000033,0.528059274732863,0.2378656975622965,-7.765870283510106
10000,3.50,2.259999999999888,0.5267825094987049,0.16474125132237197,-7.910587081947154
10000,3.75,2.2400000000000007,0.5300594154429669,0.17064628223190784,-8.043080114716652
10000,4.00,2.240000000000001,0.5283932509159692,0.11813088634093076,-8.112620925496067
10000,4.25,2.2400000000000007,0.5276191891347797,-0.08465722569210954,-8.327065301189869
10000,4.50,2.2400000000005695,0.5293388288481702,0.10477215948092183,-8.432438498586777
10000,4.75,2.240000000000002,0.5282509487470723,-0.11180568117125306,-8.58724985055841
10000,5.00,2.2400000000000007,0.529856479309789,-0.1183208926581637,-8.665364034046664
10000,1.00,2.50088966451031,0.47167531677669994,6.841866428244141,5.034762033852757
10000,1.25,2.4996267375979278,0.004814896797025293,-0.8113937137871127,-16.42742857560958
10000,1.50,2.5099999999999993,0.4151398311641376,6.719298331111027e-06,-4.42615951446871
10000,1.75,2.490000000000003,0.1857035412745218,0.11536771266189258,-5.224441739298056
10000,2.00,2.4900000000000007,0.45896631103198704,0.34657447740437347,-5.600745908149318
10000,2.25,2.4900000000011278,0.49499081732951306,-0.2726654027787546,-6.352384619066872
10000,2.50,2.49000000000002,0.5145649909749206,0.2364338909342203,-6.7247664715646565
10000,2.75,2.5099999999999905,0.5651162488250118,0.42626520752883207,-7.043395158412923
10000,3.00,2.509999999999466,0.5223189783055676,-0.18876734221759395,-7.417966486082052
10000,3.25,2.4900000000000206,0.5288399456559248,0.2490776751128259,-7.775980986376717
10000,3.50,2.5099999999999993,0.5275212875511379,0.17592944190061577,-7.919180788086553
10000,3.75,2.49000000000001,0.5309794676387607,0.1843406226036211,-8.049272246652176
10000,4.00,2.4900000000000007,0.5291843404597515,0.1331896322621578,-8.11788885939865
10000,4.25,2.4900000000000007,0.5284100977272109,-0.10019260312565739,-8.331922768908214
10000,4.50,2.4900000000000007,0.530283336960369,0.12045183592866543,-8.438534027946172
10000,4.75,2.4900000000000007,0.5289658330440231,0.12472279300955849,-8.594372970003441
10000,5.00,2.4900000000000007,0.5306887890542954,0.13181563421232587,-8.67171219496701
5000,1.00,1.5099170270394222,0.003216577041406401,-3.652487510215872e-05,-6.421066737125288
5000,1.25,1.5099999999999998,1.1288601848746171,-0.0008670569958855231,-3.2234551913558493
5000,1.50,1.5099570894009056,0.04340882139596201,1.5126732342888323,-3.4530907170807246
5000,1.75,1.5099999999999976,0.18708931692755934,-0.07951044047957369,-5.21461323067407
5000,2.00,1.4900000000000002,0.4158309819296208,0.235391359833142,-5.85444753960699
5000,2.25,1.4900000000000002,0.4882971683623865,0.2595662789883376,-6.516808521827647
5000,2.50,1.5099999999999998,0.5009495385953034,0.20280121879225782,-7.071569492448137
5000,2.75,1.5099999999999998,0.512701731916462,-0.17931715282094346,-7.526424630816768
5000,3.00,1.5099999999999998,0.5187063139321054,0.17138869698186757,-7.851382600321815
5000,3.25,1.5099999999999998,0.5224763656803526,0.11709682436497033,-8.04746328742993
5000,3.50,1.5099999999999998,0.5233622455518884,-0.0791204176242902,-8.319204083146104
5000,3.75,1.4900000000000007,0.5256278293551676,0.10048371623685788,-8.531364275529716
5000,4.00,1.4900000000009805,0.5263638863776746,-0.08486731350031179,-8.650323865148879
5000,4.25,1.5099999999999998,0.5219429704045802,0.0300660364777478,-8.936388644500388
5000,4.50,1.4900000000000002,0.5260496346927909,-0.14597624788715047,-9.011243194363129
5000,4.75,1.5099999999999998,0.5229611360575809,0.061838823041810424,-8.942880271643258
5000,5.00,1.5099999999999674,0.5243093132500644,0.1128183851803013,-9.08472172373554
5000,1.00,1.7586698993776788,0.003242325682668031,3.1058178673797017e-06,-6.3871213719582745
5000,1.25,1.7599999999999998,1.1620292418650129,6.718797221498872e-05,-3.4820420804228998
5000,1.50,1.7597391490332346,0.042677591703598056,1.5196704774537626,-3.5185650490359865
5000,1.75,1.7400000000000002,0.18491958633337036,-0.1110288031432607,-5.232349925131729
5000,2.00,1.7400000000000015,0.41870253214215675,0.2650946819061916,-5.868405577636323
5000,2.25,1.7400000000000013,0.4911256337482927,0.28938857938756996,-6.53155689412345
5000,2.50,1.7400000000003317,0.5032524039181627,0.22835675593378088,-7.083575467684794
5000,2.75,1.7599999999999998,0.5140591501844227,-0.20644980018601752,-7.544869058388952
5000,3.00,1.7599999999999998,0.520158501521246,0.19824843892567312,-7.868233543305191
5000,3.25,1.759999999999998,0.5239220294029994,0.14910897771119336,-8.058823738840607
5000,3.50,1.7400000000117484,0.5243974014540644,0.1168388780280133,-8.32965372297965
5000,3.75,1.740000000000008,0.5266618618483203,0.13338162538084067,-8.544432292263128
5000,4.00,1.7400000000000002,0.5271380941047985,-0.11374040960204507,-8.66207643326169
5000,4.25,1.7599999999999998,0.5225225787979713,-0.07232601159910713,-8.94275096162574
5000,4.50,1.7400000000000002,0.5264478128587123,0.15825536737846033,-9.0138551563732
5000,4.75,1.7599999999999998,0.5236281401808681,-0.09061018965161163,-8.948605790550435
5000,5.00,1.7599999999999774,0.5244861574893773,-0.12083245184890337,-9.079322657719873
5000,1.25,2.0099999999999993,0.9888068829917182,-0.00011315257102706425,-3.715116256500344
5000,1.50,2.0088649893554784,0.04221505617457997,1.524259727810908,-3.563053623162792
5000,1.75,1.9900000000000002,0.18503334405501964,-0.13752543789078192,-5.241718046095558
5000,2.00,1.9900000000000002,0.4201275861272037,0.2835146632187932,-5.881414332686017
5000,2.25,1.9900000000000002,0.49308647793151456,0.3098241785537178,-6.543615916509729
5000,2.50,1.9900000000000018,0.5053765418441437,0.24921690629263563,-7.093608874436353
5000,2.75,2.0099999999999993,0.515110580215332,-0.22498161007991485,-7.559664941046867
5000,3.00,2.0099999999999967,0.5213558843397343,0.21741186395811854,-7.8815297133206546
5000,3.25,2.0099999999991423,0.5250630338098119,0.17039157387339593,-8.068123489447666
5000,3.50,1.9900000000005142,0.5255022277902385,-0.14344086247773574,-8.338929054043966
5000,3.75,1.9900000000007552,0.5276439420084151,-0.1563648402799553,-8.555625828145612
5000,4.00,1.9900000000000002,0.5278717264167355,-0.13394810960291645,-8.672216791504516
5000,4.25,2.0099999999999922,0.5229775393237436,-0.0903062159124531,-8.947689399138296
5000,4.50,1.9900000000000002,0.5267237667275027,0.16599340635263968,-9.016605513607187
5000,4.75,2.009999999999998,0.5240640448105328,0.10491708186938911,-8.95298149743742
5000,5.00,1.9900000000000002,0.5245792496765751,-0.12460255528639148,-9.075473230913337
5000,1.25,2.2599999999999993,1.087615636206077,-0.00043186603181347735,-3.8456385072785024
5000,1.50,2.258366960478,0.041900146403984886,1.5274701241022044,-3.595191076791256
5000,1.75,2.2400000000000198,0.18579538050765032,-0.15803449291831734,-5.2476099891992245
5000,2.00,2.2400000000000007,0.42103934893286,0.296464918154872,-5.892421373603947
5000,2.25,2.2400000000000007,0.49449733546394026,0.324434961839794,-6.553567838574906
5000,2.50,2.2400000000000007,0.5070374420019977,0.2647707137184797,-7.101767690360592
5000,2.75,2.2599999999972744,0.5159191395517062,-0.23824646675285574,-7.571748238316929
5000,3.00,2.2400000000000047,0.5222456801197006,0.23062858070888692,-7.891542317809857
5000,3.25,2.2599999999999993,0.5260199399470785,0.18624359390276923,-8.075781349277431
5000,3.50,2.2400000000000007,0.5264349723737336,-0.16190201102934484,-8.346682229326785
5000,3.75,2.240000000000122,0.5284745583117145,0.17304917997431998,-8.565204414454474
5000,4.00,2.2400000000000015,0.5285780431036229,0.14978753108782136,-8.680848081947316
5000,4.25,2.2599999999999993,0.5232890623513715,-0.10055800852494812,-8.951738176928647
5000,4.50,2.2400000000000007,0.526909070663048,0.1709180482036776,-9.019070694597787
5000,4.75,2.2599999999999993,0.5243599921972154,-0.11365070720543792,-8.956814141564081
5000,5.00,2.2400000000004154,0.5246375818293826,0.12672882822502254,-9.072145683909456
5000,1.00,2.4902541273651466,0.0032964087296940914,-4.845367439657548e-05,-6.314169697343503
5000,1.25,2.5099999999999993,1.0454940734585192,-1.1081444837525096e-05,-3.9722821842497815
5000,1.50,2.504743903080773,0.041685792703433026,1.529741285404114,-3.618699582112169
5000,1.75,2.4900000000000007,0.1864628855351126,-0.17342904087953354,-5.252616946704077
5000,2.00,2.4900000000000007,0.4216624073051032,0.30598492183768317,-5.901728543479746
5000,2.25,2.490000000000001,0.49555032757346423,0.3352609478902782,-6.56186445592977
5000,2.50,2.490000000000002,0.5083135693346089,0.2765429640736894,-7.108647155615758
5000,2.75,2.5099999999999993,0.5165504630423288,-0.24808894586987457,-7.581757721868294
5000,3.00,2.490000000001434,0.5230241051635811,-0.24169497784196173,-7.90062931560353
5000,3.25,2.4900000000000007,0.5267820118085457,0.19776619598297315,-8.081729721830431
5000,3.50,2.490000000000008,0.5271984317998389,-0.1755645237650892,-8.353335743102729
5000,3.75,2.490000000000015,0.5291472354404299,0.1855336120663944,-8.573431538781556
5000,4.00,2.490000000000002,0.5292471691528087,0.16272597497822683,-8.688210372921084
5000,4.25,2.5099999999998945,0.5235014060029216,0.10702938372360594,-8.955224692924903
5000,4.50,2.490000000000067,0.5270320645851756,-0.1740789174190993,-9.021183975033871
5000,4.75,2.490000000000007,0.5245515811896294,0.11900769021918102,-8.959946226585211
5000,5.00,2.4900000000000007,0.5246704353848406,-0.12776047234910873,-9.069484114146272
800,1.00,1.509967348081827,0.010760921501738267,0.00010566862786906434,-8.109704963652431
800,1.50,1.5099799850221896,0.02096988151268505,-6.589070767293511e-05,-8.305793181257995
800,1.75,1.5099962617574707,0.10015748476517895,2.7031318064915672e-05,-5.122330792598777
800,2.25,1.4900000000000004,0.5553080556033816,0.4917712862491131,-5.96177727472067
800,2.50,1.4900000000000002,0.539036891317685,0.4185890391506745,-6.150826854960328
800,2.75,1.5099999999999998,0.5576857870766482,0.7857005793599224,-6.703992528919461
800,3.00,1.4900000000000002,0.5129601751217496,-7.348524156165179e-06,-6.583655270017583
800,3.25,1.4900000000012368,0.5428664146368624,0.7045931509270711,-7.407127154560573
800,3.50,1.5038306986677237,0.46201601288636174,-0.401108513782337,-9.923222903416123
800,3.75,1.5099999999999998,0.48012249173586646,0.3194055846244674,-8.833152731842302
800,4.00,1.5099999999999916,0.5113408199478324,-0.6386842598084438,-8.51706696606156
800,4.25,1.509999997662252,0.6761796816867469,1.8779961707165815,-7.990732190693505
800,4.50,1.4900000000000002,0.5299643672725758,0.5162737802164058,-8.401764618821211
800,5.00,1.4900000000000002,0.5112045631795836,0.09080498118962672,-9.170316471392239
800,1.50,1.7599999985888435,0.021450306160251377,-0.1626157001035912,-8.27084380363846
800,1.75,1.759990871904949,0.09243073976147742,-3.3561369108689935e-05,-5.173434829989419
800,2.25,1.7400000000000002,0.5593328491727412,0.5231385947593934,-5.971406201630415
800,2.50,1.7400000000000044,0.5413472723065623,0.4483007344315156,-6.166971592685167
800,2.75,1.7599999999999998,0.5596773570516209,0.8004318663423778,-6.715602207423439
800,3.00,1.759999999999966,0.5289990483046397,0.1640067715421028,-6.583241114660027
800,3.25,1.75999999999799,0.5404840645475217,0.7100060650441025,-7.447717660722208
800,3.50,1.758073865993916,0.4713578253292211,0.7015892623804955,-10.416645442332236
800,3.75,1.7599999999999998,0.4790253528543177,0.30726735459191756,-8.83885803650617
800,4.00,1.759999999999998,0.5119310094197063,0.6497637418651098,-8.531971613249713
800,4.25,1.7599999993883997,0.6784644750446449,1.9030424084104924,-8.00259087137202
800,4.50,1.7400000000000002,0.5331307925018901,0.5515904016884656,-8.416274377293751
800,5.00,1.740000000003225,0.5112085895380599,0.09421974892986423,-9.153574304638822
800,2.25,1.9900000000000002,0.5622507687872426,0.544671489565678,-5.9791698963300455
800,2.50,1.990000000000026,0.5426519916953718,0.4681546773079767,-6.180744161398577
800,2.75,2.0099999999999993,0.5607824703976564,0.8084376845849699,-6.726058529362806
800,3.00,2.0099999999999993,0.5346299442104967,0.19744172167607404,-6.586183394224438
800,3.25,2.0099999999999993,0.5380119554628241,0.7077608572272588,-7.479611708273975
800,3.50,2.00147789309705,0.47129264883703725,0.6975629527544209,-10.416016304869514
800,4.00,2.0099999999999993,0.512385472635474,0.65778754916577,-8.543842016430794
800,4.25,2.009999998435985,0.679920147119571,1.9191029593260527,-8.012831595969958
800,4.50,1.9900000000000002,0.535261694701868,0.5754548698969632,-8.42821351151311
800,5.00,2.00999976755698,0.5111895048854946,0.09486724899776927,-9.1392174706173
800,2.25,2.2400000000000007,0.5644640263330717,0.5600886693996341,-5.985487990180486
800,2.50,2.2400000000000007,0.5434245795954121,0.4820551560046864,-6.192371179389393
800,2.75,2.2599999999999993,0.5614109450578421,0.8129038881445898,-6.735239609936159
800,3.00,2.2599999999999993,0.5379874757467279,0.21655326483677417,-6.5900477394494
800,3.25,2.2599999999999993,0.535419559193975,0.7014137731360028,-7.507605889012558
800,3.50,2.250124166057001,0.46207269199043133,0.3952442174055468,-9.907456888691565
800,4.00,2.259999999999789,0.5127487931574346,0.6639010049104068,-8.553530136691224
800,4.25,2.2599999999932634,0.6809094508306825,1.9300807138194989,-8.02156229144248
800,4.50,2.2400000000000007,0.5367729050387126,0.5924049823612799,-8.438103222694423
800,5.00,2.2599999999999993,0.5111677015419452,0.09447383716125138,-9.128654694209812
800,2.25,2.4900000000000007,0.5662060200115732,0.571568215339926,-5.99070284977391
800,2.50,2.4900000000000007,0.543926014503628,0.4922160236397355,-6.202112699459668
800,2.75,2.5099999999999993,0.5617492316254397,0.8153764142281731,-6.743358530849814
800,3.00,2.5099999999999993,0.540419071042145,-0.23011605997643284,-6.593807662550241
800,3.25,2.5099999999999993,0.532826986646466,0.6927497868399407,-7.532411048366947
800,3.50,2.500422585744616,0.4620775754382547,0.3940523948919347,-9.90636960767833
800,3.75,2.509979803673501,0.46214509020655137,-9.407398514780037e-06,-8.846473792114086
800,4.00,2.5099999999949927,0.5130412519291994,0.6686667286020117,-8.56159477331918
800,4.25,2.5099999925292984,0.6815997618723759,1.9378321044022804,-8.029081560175054
800,4.50,2.4900000000000007,0.5378826091707685,0.6048711515137437,-8.446393709752408
800,5.00,2.5099999999529667,0.5111493194245174,0.09382267083009654,-9.120164412000848
